001,nagato,長門,戦艦,30,-,41cm連装砲,14㎝単装砲,零式水上偵察機,-,a8529a1bdc2a7f517cffa2f0ed191d39
001b,nagato kai,長門改,戦艦,88,改装設計図,41cm連装砲,41㎝連装砲,零式水上偵察機,-,7383436fa5b81c024ad33f053f856b6c
002,mutsu,陸奥,戦艦,30,-,41cm連装砲,14㎝単装砲,零式水上偵察機,-,17e957768902e149a645185f9643a018
002b,mutsu kai,陸奥改,戦艦,89,改装設計図,41cm連装砲,41㎝連装砲,零式水上偵察機,-,db76777f03cc516a71564b9893f8a15c
003,ise,伊勢,戦艦,10,-,35.6㎝連装砲,14㎝単装砲,零式水上偵察機,-,75c3a04444978b80600b86e963940533
004,hyuga,日向,戦艦,10,-,35.6㎝連装砲,14㎝単装砲,零式水上偵察機,-,9e50afc38b495d69124d604cab0fcef8
005,yukikaze,雪風,駆逐艦,20,-,12.7cm連装砲,61㎝四連装魚雷,*,*,707f5d882ec5564417582ef9d6fa8b5c
005b,yukikaze kai,雪風改,駆逐艦,-,-,13号対空電探,九三式水中聴音機,25mm三連装機銃,*,4305d9b7977e649d0c863ca3a9fc85fa
006,akagi,赤城,正規空母,30,-,零式艦戦21型,九九式艦爆,九七式艦攻,-,220ef2f67a0f7d26f791b9d8f2cbe4d7
006b,akagi kai,赤城改,正規空母,90,試製甲板カタパルト+改装設計図x2+新型航空兵装資材x2+戦闘詳報+開発資材x100,零式艦戦52型,彗星,九七式艦攻,-,2f2daaa95d1c4cfafde3611cedd214fa
007,kaga,加賀,正規空母,30,-,零式艦戦21型,九九式艦爆,九七式艦攻,-,57d20f0d9bafcb802046ff41d2239d28
007b,kaga kai,加賀改,正規空母,-,-,零式艦戦52型,彗星,九七式艦攻,-,526e5be6fc39656415ccb1266009d304
008,soryu,蒼龍,正規空母,30,-,零式艦戦21型,九九式艦爆,九七式艦攻,-,622b79d035e3ffc89e26da073c73888f
008b,soryu kai,蒼龍改,正規空母,78,-,零式艦戦52型,彗星,九七式艦攻,-,7f37bed71dd59ae736f21e4ae6268e92
009,hiryu,飛龍,正規空母,30,-,零式艦戦21型,九九式艦爆,九七式艦攻,-,fa51c8a8a0754199446bda431ce61d4a
009b,hiryu kai,飛龍改,正規空母,77,-,零式艦戦52型,彗星,九七式艦攻,-,77db1469cbc3d1006a4f429eaa4c95c0
010,shimakaze,島風,駆逐艦,20,-,12.7cm連装砲,22号対水上電探,*,*,07d5a375e4fcabefa804dcaeb5b1994e
010b,shimakaze kai,島風改,駆逐艦,-,-,13号対空電探,九三式水中聴音機,25mm三連装機銃,*,7c733d648cad9915f8c2e703b80fd695
011,hubuki,吹雪,駆逐艦,20,-,12.7cm連装砲,61㎝三連装魚雷,*,*,a5d1068906d94bc0f417bd6ee798e513
011b,hubuki kai,吹雪改,駆逐艦,70,-,12.7cm連装砲A型,61㎝三連装魚雷,-,*,477656eca94cbf855f50e14681d5931c
012,shirayuki,白雪,駆逐艦,20,-,12.7cm連装砲A型,-,*,*,34f7291dcb183e4b68c053382711da18
012b,shirayuki kai,白雪改,駆逐艦,-,-,12.7cm連装砲A型,61cm三連装魚雷,-,*,b43ec16c0eb2cfe3f098c0465be49fc5
013,hatsuyuki,初雪,駆逐艦,20,-,12.7cm連装砲A型,-,*,*,9faa856c8f385dc60abee80376f8595f
013b,hatsuyuki kai,初雪改,駆逐艦,-,-,12.7cm連装砲A型,61cm三連装魚雷,-,*,bef25f2febf5384a82ae9c9927cb92f9
014,miyuki,深雪,駆逐艦,20,-,12.7cm連装砲A型,-,*,*,ff98d192bfda344032d57bf318614273
014b,miyuki kai,深雪改,駆逐艦,-,-,12.7cm連装砲A型,61cm三連装魚雷,-,*,c5ceceb1fa13651bf985c1d1bfb2e93e
015,murakumo,叢雲,駆逐艦,20,-,12.7cm連装砲A型,-,*,*,3efb59298fd62366ec00e27272c9e99c
015b,murakumo kai,叢雲改,駆逐艦,70,-,12.7cm連装砲A型,61cm三連装魚雷,-,*,774dd80e3ebe3418258428b599d602f9
016,isonami,磯波,駆逐艦,20,-,12.7cm連装砲A型,-,*,*,3a9b46e8a10cdd2042ed8d62b5eda013
016b,isonami kai,磯波改,駆逐艦,-,-,12.7cm連装砲A型,61cm三連装魚雷,-,*,a1e326af534e3733292501b67e4c9918
017,ayanami,綾波,駆逐艦,20,-,12.7cm連装砲,61cm三連装魚雷,*,*,987f75d9e6c5e36e263e5f34a3225168
017b,ayanami kai,綾波改,駆逐艦,70,-,12.7cm連装砲B型改二,61cm三連装魚雷,-,*,59b306644790730eb0c4cc48c0239ef9
018,shikinami,敷波,駆逐艦,20,-,12.7cm連装砲,-,*,*,901d8a48c9b6960073c816ef6e4e3b9b
018b,shikinami kai,敷波改,駆逐艦,-,-,25mm単装機銃,61cm三連装魚雷,-,*,96fd2244f3c716d26f05d873501d18eb
019,oi,大井,軽巡洋艦,10,-,14cm単装砲,61cm四連装魚雷,*,*,5f9b8d2b00b21bc45c75ae0e02e48100
020,kitakami,北上,軽巡洋艦,10,-,14cm単装砲,61cm四連装魚雷,*,*,ff2382338400ad6b2ced84f044848d96
021,kongo,金剛,戦艦,25,-,35.6cm連装砲,15.2cm単装砲,7.7mm機銃,*,01a05b485d47d831500c8ea6559d1ae2
021b,kongo kai,金剛改,戦艦,75,-,41cm連装砲,15.5cm三連装副砲,12.7cm連装高角砲,-,54f3801afadc3df371c474630fc2202c
022,hiei,比叡,戦艦,25,-,35.6cm連装砲,15.2cm単装砲,7.7mm機銃,*,cf1cec75a20c79aced777406802f84c1
022b,hiei kai,比叡改,戦艦,75,-,41cm連装砲,15.5cm三連装副砲,12.7cm連装高角砲,-,f4dbd2ea645f817a8818eb452b31c60d
023,haruna,榛名,戦艦,25,-,35.6cm連装砲,15.2cm単装砲,7.7mm機銃,*,046486010d5951b9e63d756218f5ec1f
023b,haruna kai,榛名改,戦艦,80,-,41cm連装砲,15.5cm三連装副砲,12.7cm連装高角砲,-,322b4941f13c5f1e6b633292ed3a2e8c
024,kirishima,霧島,戦艦,25,-,35.6cm連装砲,15.2cm単装砲,7.7mm機銃,*,50ddfa8933a5bafb9f2f37ba213260c3
024b,kirishima kai,霧島改,戦艦,75,-,41cm連装砲,15.5cm三連装副砲,12.7cm連装高角砲,-,81c5ef685a918cf47670d3a38d7450ba
025,hosho,鳳翔,軽空母,25,-,九九式艦爆,-,*,*,7dbfa7a4589f1180e7c6231632c74378
025b,hosho kai,鳳翔改,軽空母,-,-,零式艦戦52型,九七式艦攻,-,*,8374ba7a5e63ef7241742e0c9794bcda
026,huso,扶桑,戦艦,20,-,35.6cm連装砲,15.2cm単装砲,零式水上偵察機,-,3e503f33567cb65bb7c810b69d8755dc
026b,huso kai,扶桑改,戦艦,80,改装設計図,35.6cm連装砲,瑞雲,零式水上偵察機,-,6099ba2b0eb83bbfc357c8f83083a08b
027,yamashiro,山城,戦艦,20,-,35.6cm連装砲,15.2cm単装砲,零式水上偵察機,-,0b3b518268bcbecb09931b4abad0184a
027b,yamashiro kai,山城改,戦艦,80,改装設計図,35.6cm連装砲,瑞雲,零式水上偵察機,-,e38662c2767ac716d8f348360c58760f
028,tenryu,天龍,軽巡洋艦,20,-,14cm単装砲,7.7mm機銃,*,*,f95f43863ea28cfe4b9f36459f8e8b83
028b,tenryu kai,天龍改,軽巡洋艦,84,高速建造材×8+開発資材×24,14cm単装砲,12.7cm連装高角砲,61cm四連装(酸素)魚雷,*,63edf51e2cc45f9375a9b28eb655a347
029,tatsuta,龍田,軽巡洋艦,20,-,14cm単装砲,7.7mm機銃,*,*,f1c30d4dffe5beea93d5dabd34a3eda6
029b,tatsuta kai,龍田改,軽巡洋艦,80,高速建造材×5+開発資材×15,14cm単装砲,12.7cm連装高角砲,61cm四連装(酸素)魚雷,*,38185bcd11d395d97085b1b24da83bcc
030,ryujo,龍驤,軽空母,25,-,九六式艦戦,九七式艦攻,-,*,285c4b46380c63d085e1b2833c6ca212
030b,ryujo kai,龍鳳改,軽空母,75,-,零式艦戦52型,彗星,九七式艦攻,-,62362a8d385b4ffd59e1609cc5685f90
031,mutsuki,睦月,駆逐艦,20,-,12cm単装砲,7.7mm機銃,*,*,79b518c1ce3a63d0501b99e11acede0f
031b,mutsuki kai,睦月改,駆逐艦,65,-,12cm単装高角砲,61cm三連装魚雷,-,*,db47f099805f284ced25606ad06095d5
032,kisaragi,如月,駆逐艦,20,-,12cm単装砲,-,*,*,e34209962fba6a1181008e68fe93e535
032b,kisaragi kai,如月改,駆逐艦,65,-,12cm単装高角砲,61cm三連装魚雷,-,*,72f9f58e585aa0f401bdd20dc9221f0a
033,satsuki,皐月,駆逐艦,20,-,12cm単装砲,-,*,*,65f9043a53c9c8ae17c2a78477746135
033b,satsuki kai,皐月改,駆逐艦,75,-,12cm単装高角砲,61cm三連装魚雷,-,*,82b08bf985717239ee2f45479ddc5d1f
034,humiduki,文月,駆逐艦,20,-,12cm単装砲,-,*,*,e8712a158a66d16deccde17e6511a10f
034b,humiduki kai,文月改,駆逐艦,77,-,12cm単装高角砲,61cm四連装魚雷,-,*,dbe0ff62b32b5f28be5cdeaba77476fa
035,nagatsuki,長月,駆逐艦,20,-,12cm単装砲,-,*,*,ea0d3c982fc7dcdb355ac91a6eeaa6d3
035b,nagatsuki kai,長月改,駆逐艦,-,-,12cm単装高角砲,61cm四連装(酸素)魚雷,-,*,4f0d5923d51c525b7b807a8760198089
036,kikuduki,菊月,駆逐艦,20,-,12cm単装砲,-,*,*,049a6dd7379e35284305f3ea02ca1be9
036b,kikuduki kai,菊月改,駆逐艦,-,-,12cm単装高角砲,61cm三連装魚雷,-,*,bda1e3f5158022f160ed07225ef7ae80
037,mikaduki,三日月,駆逐艦,20,-,12cm単装砲,-,*,*,c32d3275efa891fc7d8d4d8f8cdd724f
037b,mikaduki kai,三日月改,駆逐艦,-,-,12cm単装高角砲,61cm三連装魚雷,-,*,e155e8b9478a97703c99af23d1eef8cf
038,motiduki,望月,駆逐艦,20,-,12cm単装砲,-,*,*,19823121b6b8ea3d2ee2849a93aa11f9
038b,motiduki kai,望月改,駆逐艦,-,-,12cm単装高角砲,61cm三連装魚雷,-,*,916ef48bd4b6ce58f99480e0abdb91d7
039,kuma,球磨,軽巡洋艦,20,-,14cm単装砲,零式水上偵察機,*,*,9594582bb37b065f89ce777be7e690b2
039b,kuma kai,球磨改,軽巡洋艦,-,-,14cm単装砲,61cm四連装(酸素)魚雷,零式水上偵察機,*,65caefe49b71d29bdaddc3b353a8cfc8
040,tama,多摩,軽巡洋艦,20,-,14cm単装砲,-,*,*,d070a39bd1a5c081b66e8363027bf892
040b,tama kai,多摩改,軽巡洋艦,70,改装設計図,14cm単装砲,61cm四連装(酸素)魚雷,零式水上偵察機,*,749033df86c2b3ef6c88063d16658285
041,kiso,木曾,軽巡洋艦,20,-,14cm単装砲,-,*,*,89454010a8708b4b01ea39ad8fe7f0c2
041b,kiso kai,木曾改,軽巡洋艦,65,-,14cm単装砲,61cm四連装(酸素)魚雷,零式水上偵察機,*,f1313fc6459562171e6f07b08809874f
042,nagara,長良,軽巡洋艦,20,-,14cm単装砲,61cm四連装魚雷,*,*,bd51d978a03d938c886ec5dbe2c3ca94
042b,nagara kai,長良改,軽巡洋艦,-,-,14cm単装砲,61cm四連装(酸素)魚雷,零式水上偵察機,*,24c1f11b2ed5e2ec635695600abd8dfb
043,isuzu,五十鈴,軽巡洋艦,12,-,14cm単装砲,-,*,*,0d2c18e2bd1b3b6958ee523801fde0a1
043b,isuzu kai,五十鈴改,軽巡洋艦,50,-,12.7cm連装高角砲,21号対空電探,61cm四連装(酸素)魚雷,*,ee032eaffe398a48883c0b1370602797
044,natori,名取,軽巡洋艦,20,-,14cm単装砲,-,*,*,4cb7f48e17bd2e24310e9ca05d4186b2
044b,natori kai,名取改,軽巡洋艦,-,-,14cm単装砲,61cm四連装(酸素)魚雷,零式水上偵察機,*,a3eaf42deff5b20ca49fa79e429fc4cd
045,yura,由良,軽巡洋艦,20,-,14cm単装砲,-,*,*,8d10ab160505bee38e16a10667a526ac
045b,yura kai,由良改,軽巡洋艦,77,改装設計図,14cm単装砲,61cm四連装(酸素)魚雷,零式水上偵察機,*,df9ec9a8d1b700e0e27055d25e86fb3c
046,sendai,川内,軽巡洋艦,20,-,14cm単装砲,零式水上偵察機,*,*,57edd87645fefbcbfc9061bb2083a67f
046b,sendai kai,川内改,軽巡洋艦,60,-,14cm単装砲,61cm四連装(酸素)魚雷,零式水上偵察機,*,6d005ca4fa74f2b32d24a81f0f95b004
047,jintsu,神通,軽巡洋艦,20,-,14cm単装砲,-,*,*,e5ea90fb98a4ea6ec93ffd9e15a3827b
047b,jintsu kai,神通改,軽巡洋艦,60,-,14cm単装砲,61cm四連装(酸素)魚雷,零式水上偵察機,*,72efefb527f3581b5c71f5e338227cf2
048,naka,那珂,軽巡洋艦,20,-,14cm単装砲,-,*,*,f536b1793a6e5a7fae7f71b142606da9
048b,naka kai,那珂改,軽巡洋艦,48,-,14cm単装砲,61cm四連装(酸素)魚雷,零式水上偵察機,*,f50788e671c09ba24aff599bf34145b9
049,chitose,千歳,水上機母艦,10,-,12.7cm連装高角砲,零式水上偵察機,*,*,32dd974642649a1de31cc0d8cc2a3f97
050,chiyoda,千代田,水上機母艦,10,-,12.7cm連装高角砲,零式水上偵察機,*,*,07356d48a29eb3888960730fa985429e
051,mogami,最上,重巡洋艦,10,-,15.5cm三連装砲,零式水上偵察機,-,*,2780d2762dac75d225e33463dd69e9f1
052,hurutaka,古鷹,重巡洋艦,25,-,20.3cm連装砲,7.7mm機銃,-,*,f69d69bf3346f86b0626183d484f2807
052b,hurutaka kai,古鷹改,重巡洋艦,65,-,20.3cm連装砲,12.7cm連装高角砲,61cm四連装魚雷,-,087a6d8792dfc4c03ae155180eb734ae
053,kako,加古,重巡洋艦,25,-,20.3cm連装砲,-,-,*,7f33b030cd57078f586ba5490a563550
053b,kako kai,加古改,重巡洋艦,65,-,20.3cm連装砲,12.7cm連装高角砲,61cm四連装魚雷,-,fb59f9837384ff766e77ac4e70d4f2f1
054,aoba,青葉,重巡洋艦,25,-,20.3cm連装砲,7.7mm機銃,-,*,26319e97ef7fb309343141ceb3b50f48
054b,aoba kai,青葉改,重巡洋艦,-,-,20.3cm連装砲,25mm連装機銃,61cm四連装魚雷,-,8779bc7842eea527d0160f848a0cc7bd
055,myoko,妙高,重巡洋艦,25,-,20.3cm連装砲,零式水上偵察機,-,*,d7dc3f231ddf83e404c8264acc3dfa87
055b,myoko kai,妙高改,重巡洋艦,70,-,20.3cm連装砲,61cm四連装(酸素)魚雷,零式水上偵察機,-,1222f3be4cab186802c48cb8f6eea47d
056,nachi,那智,重巡洋艦,25,-,20.3cm連装砲,-,-,*,a3bb1f7ed527d2eed88a77362acd1d58
056b,nachi kai,那智改,重巡洋艦,65,-,20.3cm連装砲,12.7cm連装高角砲,61cm四連装(酸素)魚雷,-,1b58bda0a77b6844b95ac314190009df
057,ashigara,足柄,重巡洋艦,25,-,20.3cm連装砲,-,-,*,4652cbd5979e471ca9e6e4fc189cfb85
057b,ashigara kai,足柄改,重巡洋艦,65,-,20.3cm連装砲,12.7cm連装高角砲,61cm四連装(酸素)魚雷,-,fc1e8fde0677e9f3b12f366347779ce8
058,haguro,羽黒,重巡洋艦,25,-,20.3cm連装砲,-,-,*,9672a761dc8da2e05b838d74fe417433
058b,haguro kai,羽黒改,重巡洋艦,65,-,20.3cm連装砲,12.7cm連装高角砲,61cm四連装(酸素)魚雷,-,215c17ae088c6fb7c76317e9c1ce1fa7
059,takao,高雄,重巡洋艦,25,-,20.3cm連装砲,零式水上偵察機,-,*,85758b78e13ab7d32e14c3ece11d9651
059b,takao kai,高雄改,重巡洋艦,-,-,20.3cm連装砲,61cm四連装(酸素)魚雷,零式水上偵察機,-,0c0fb985218a329810ed5327772d5980
060,atago,愛宕,重巡洋艦,25,-,20.3cm連装砲,零式水上偵察機,-,*,9329b6678be766e65032c4e3f63a9540
060b,atago kai,愛宕改,重巡洋艦,-,-,20.3cm連装砲,61cm四連装(酸素)魚雷,零式水上偵察機,-,d072d6c33478bf98a652de840b385fde
061,maya,摩耶,重巡洋艦,18,-,20.3cm連装砲,-,-,*,ed81f2c1eafc2662dd69b1f7a3e7625a
061b,maya kai,摩耶改,重巡洋艦,75,-,12.7cm連装高角砲,21号対空電探,61cm四連装(酸素)魚雷,-,a3d6a578a81d2c945c9ecd86b19a4a9e
062,tyokai,鳥海,重巡洋艦,25,-,20.3cm連装砲,-,-,*,45ba7ba810d27df59af867b74dab9a67
062b,tyokai kai,鳥海改,重巡洋艦,65,改装設計図,20.3cm連装砲,12.7cm連装高角砲,61cm四連装(酸素)魚雷,-,7749157d135bd08a97ceb21ffd3e4a21
063,tone,利根,重巡洋艦,25,-,20.3cm連装砲,零式水上偵察機,-,*,af62bf30f73fc0f6402644ad25674c76
063b,tone kai,利根改,重巡洋艦,70,改装設計図,20.3cm連装砲,61cm四連装(酸素)魚雷,零式水上偵察機,-,71672e0d76ec50143ab74152a243f6c4
064,tikuma,筑摩,重巡洋艦,25,-,20.3cm連装砲,零式水上偵察機,-,*,cc60846dafd8fe8906efd0f8f062e2bf
064b,tikuma kai,筑摩改,重巡洋艦,70,改装設計図,20.3cm連装砲,61cm四連装(酸素)魚雷,零式水上偵察機,-,ca703a8fe80fd9a06d47cd0f541d1023
065,hiyo,飛鷹,軽空母,25,-,九六式艦戦,九九式艦爆,九七式艦攻,-,e31ab4ebcab304536225e75cf6d28204
065b,hiyo kai,飛鷹改,軽空母,-,-,零式艦戦52型,彗星,九七式艦攻,-,0cd9dbf76bb38a79d5a9bd1405202757
066,junnyo,隼鷹,軽空母,25,-,九六式艦戦,九九式艦爆,九七式艦攻,-,142209b6e8e620a292f68968475be57a
066b,junnyo kai,隼鷹改,軽空母,80,-,零式艦戦52型,彗星,九七式艦攻,-,568c6c936a9c633e56563067209ff7a3
067,oboro,朧,駆逐艦,20,-,12.7cm連装砲,-,*,*,ee686e84e281ba6b7c05547429002271
067b,oboro kai,朧改,駆逐艦,-,-,13号対空電探,25mm単装機銃,-,*,7e8ebada50b52d1b803d362eeed02792
068,akebono,曙,駆逐艦,20,-,12.7cm連装砲,-,*,*,fcdf2760898575b84a90ff30956bd9f3
068b,akebono kai,曙改,駆逐艦,-,-,13号対空電探,25mm単装機銃,-,*,ed22716446aa64ee0d072f1dd48c225c
069,sazanami,漣,駆逐艦,20,-,12.7cm連装砲,-,*,*,80c4d01ef9ccc37a47f5e4e380e461d2
069b,sazanami kai,漣改,駆逐艦,-,-,13号対空電探,25mm単装機銃,-,*,5ab1e7341fb52e571f98814a709bd203
070,ushio,潮,駆逐艦,20,-,12.7cm連装砲,-,*,*,d72557e289ae4bfceed6cc9267b176c2
070b,ushio kai,潮改,駆逐艦,60,-,13号対空電探,25mm単装機銃,-,*,93f7e3c34fd06ec75c3882f8063b8473
071,akatsuki,暁,駆逐艦,20,-,12.7cm連装砲,61cm三連装魚雷,*,*,69c1f870c2bb9ac4a87719613ef41147
071b,akatsuki kai,暁改,駆逐艦,70,-,61cm三連装魚雷,九四式爆雷投射機,-,*,2511c81e32214002a304334edcf63238
072,hibiki,響,駆逐艦,20,-,12.7cm連装砲,-,*,*,c49b20d9eba2f0a104a6675ab76e3f3a
072b,hibiki kai,響改,駆逐艦,70,-,61cm三連装魚雷,九四式爆雷投射機,-,*,d69bd5e2f6f27a49e8a98a2b8484e54f
073,ikaduti,雷,駆逐艦,20,-,12.7cm連装砲,-,*,*,65ad96dabec34a427d06dce3493a7bdc
073b,ikaduti kai,雷改,駆逐艦,-,-,61cm三連装魚雷,九四式爆雷投射機,-,*,4361614eb3e58f36b49e054abf478368
074,inaduma,電,駆逐艦,20,-,12.7cm連装砲,-,*,*,08b3cd6252a7409e1be9dd13286c3779
074b,inaduma kai,電改,駆逐艦,-,-,61cm三連装魚雷,九四式爆雷投射機,-,*,452dd1ac4820daa69bb4f4d8631b9738
075,hatsuharu,初春,駆逐艦,20,-,12.7cm連装砲,61cm三連装魚雷,*,*,ecbf4e7c1a028d70ee90e950ed69cb2c
075b,hatsuharu kai,初春改,駆逐艦,65,-,61cm三連装(酸素)魚雷,25mm連装機銃,-,*,f6b8ff897fae5052fefbb726595ab727
076,nenohi,子日,駆逐艦,20,-,12.7cm連装砲,-,*,*,fbc413bd8954a9d0be6fb505540cc9fb
076b,nenohi kai,子日改,駆逐艦,-,-,61cm三連装(酸素)魚雷,25mm連装機銃,-,*,6cfc70a128d11e6a8f6ce765dd165fff
077,wakaba,若葉,駆逐艦,20,-,12.7cm連装砲,-,*,*,820ae4d341ad14aec921845674623bc0
077b,wakaba kai,若葉改,駆逐艦,-,-,61cm三連装(酸素)魚雷,25mm連装機銃,-,*,1219681ce826910a63991a2ee899c42a
078,hatsushimo,初霜,駆逐艦,20,-,12.7cm連装砲,-,*,*,1b0590dd8d05a65e3dc43230484f4325
078b,hatsushimo kai,初霜改,駆逐艦,70,-,61cm三連装(酸素)魚雷,25mm連装機銃,-,*,0269ed759ec9930d23efd2afa873fc54
079,shiratsuyu,白露,駆逐艦,20,-,12.7cm連装砲,61cm四連装魚雷,*,*,2094f0a31a1a6465c18b89983d3de104
079b,shiratsuyu kai,白露改,駆逐艦,77,戦闘詳報+開発資材×15,九四式爆雷投射機,九五式爆雷,-,*,334f8cdb3b39c857cdce8e6ec222f8e3
080,shigure,時雨,駆逐艦,20,-,12.7cm連装砲,-,*,*,ed9437aa370bdd43be8143387377dc52
080b,shigure kai,時雨改,駆逐艦,60,-,九四式爆雷投射機,九五式爆雷,-,*,5fd6ef7ec7c88278d512721a740f2c63
081,murasame,村雨,駆逐艦,20,-,12.7cm連装砲,-,*,*,0e8b039348d6a273f996262d30fc5837
081b,murasame kai,村雨改,駆逐艦,70,戦闘詳報,12.7cm連装砲,61cm四連装(酸素)魚雷,-,*,a72c1148db106a919fab68fbd8f65922
082,yudati,夕立,駆逐艦,20,-,12.7cm連装砲,-,*,*,742395ad50aa5c0457938c402ebd7fa1
082b,yudati kai,夕立改,駆逐艦,55,-,12.7cm連装砲,61cm四連装(酸素)魚雷,-,*,94ffdffbbffbfece6203e7cbfdb8c287
083,samidare,五月雨,駆逐艦,20,-,12.7cm連装砲,-,*,*,00d43d5505c76ef43ec0263ac6e0e7da
083b,samidare kai,五月雨改,駆逐艦,-,-,61cm四連装(酸素)魚雷,九四式爆雷投射機,-,*,b9b4a406424117ca79d14a40ba5ea324
084,suzukaze,涼風,駆逐艦,20,-,12.7cm連装砲,61cm四連装魚雷,*,*,158de96210df70764a7baba3c06a65c1
084b,suzukaze kai,涼風改,駆逐艦,-,-,61cm四連装(酸素)魚雷,九四式爆雷投射機,-,*,3b4438251a8988a6ac122b01482dbd60
085,asashio,朝潮,駆逐艦,20,-,12.7cm連装砲,61cm四連装魚雷,*,*,8242fa18aa9853afd7bb95f7718066ce
085b,asashio kai,朝潮改,駆逐艦,70,-,10cm連装高角砲,61cm四連装(酸素)魚雷,-,*,df70c6a352bd1a3bb66358f854004f0a
086,ooshio,大潮,駆逐艦,20,-,12.7cm連装砲,-,*,*,af868f418087518c3466ec733db721fb
086b,ooshio kai,大潮改,駆逐艦,65,改装設計図,10cm連装高角砲,61cm四連装(酸素)魚雷,-,*,04b22015fbe2029f0bee36cb80742947
087,michishio,滿潮,駆逐艦,20,-,12.7cm連装砲,-,*,*,d3dee8f3b132feade40cfd6cb8a29c83
087b,michishio kai,満潮改,駆逐艦,77,-,10cm連装高角砲,61cm四連装(酸素)魚雷,-,*,039bf37a7a31e788bc19fdfe5eb57330
088,arashio,荒潮,駆逐艦,20,-,12.7cm連装砲,-,*,*,fb172a05f6b33671b6983776d28e93e6
088b,arashio kai,荒潮改,駆逐艦,67,改装設計図,10cm連装高角砲,61cm四連装(酸素)魚雷,-,*,58a05f76dfb8133d2f5b0fb25b6498ca
089,arare,霰,駆逐艦,20,-,12.7cm連装砲,-,*,*,3daa0b13ebbfbaffa181ff27da4dc671
089b,arare kai,霰改,駆逐艦,63,改装設計図,10cm連装高角砲,61cm四連装(酸素)魚雷,-,*,ef73e2369f6b38e507445446ce8ec55d
090,kasumi,霞,駆逐艦,20,-,12.7cm連装砲,-,*,*,e1414ee8b23de32b15762a2755edbb37
090b,kasumi kai,霞改,駆逐艦,75,-,10cm連装高角砲,61cm四連装(酸素)魚雷,-,*,20b1ae71ca999c44bd744524068f86ef
091,kagerou,陽炎,駆逐艦,20,-,12.7cm連装砲,61cm四連装魚雷,*,*,8fc2970b4682202995db796053be01e9
091b,kagerou kai,陽炎改,駆逐艦,70,改装設計図+開発資材x20,10cm連装高角砲,61cm四連装(酸素)魚雷,-,*,e73be8d9ce514575158260a8fe2ffc88
092,shiranui,不知火,駆逐艦,20,-,12.7cm連装砲,-,*,*,eaa3f29363192a351021fd03907dfa99
092b,shiranui kai,不知火改,駆逐艦,72,改装設計図+開発資材x20,10cm連装高角砲,61cm四連装(酸素)魚雷,-,*,3d18af9f4c0dde0460144302a1b954d3
093,kuroshio,黒潮,駆逐艦,20,-,12.7cm連装砲,-,*,*,2f4b70c3ff69667684b6d8842de65880
093b,kuroshio kai,黒潮改,駆逐艦,73,改装設計図+開発資材x20,10cm連装高角砲,61cm四連装(酸素)魚雷,-,*,657c37ba11cdd383761d02416c85409b
094,shoho,祥鳳,軽空母,25,-,九九式艦爆,九七式艦攻,-,*,bfb96d4b1cc0ab79294aefb697424770
094b,shoho kai,祥鳳改,軽空母,-,-,零式艦戦52型,彗星,九七式艦攻,-,b3ed199f59f09463b939529e77d47676
095,chitose kai,千歳改,水上機母艦,12,-,零式水上偵察機,瑞雲,12.7cm連装砲,*,f1aaca9e7c7a209e07f73b6f045a0ddb
096,chiyoda kai,千代田改,水上機母艦,12,-,零式水上偵察機,瑞雲,12.7cm連装砲,*,7dd7871f22843a1e22cb9d6b2a8ce46e
097,oi kai,大井改,重雷装巡洋艦,50,-,61cm四連装(酸素)魚雷,61cm四連装(酸素)魚雷,*,*,46c6133584cabf76bea61c2ece76ef1c
098,kitakami kai,北上改,重雷装巡洋艦,50,-,61cm四連装(酸素)魚雷,61cm四連装(酸素)魚雷,*,*,98758b60eb1480b7da4e2291c8dc5c0f
099,chitose kou,千歳甲,水上機母艦,15,-,零式水上偵察機,甲標的 甲型,甲標的 甲型,*,bfc0b0d8ee32a9b0cf5918ec6737ab6f
100,chiyoda kou,千代田甲,水上機母艦,15,-,零式水上偵察機,甲標的 甲型,甲標的 甲型,*,235cce2cf511e4a5a5693c2dc7a5c4bb
101,mogami kai,最上改,航空巡洋艦,-,-,20.3cm連装砲,瑞雲,零式水上偵察機,-,51361ae5ec530819829f3137f596cf8f
102,ise kai,伊勢改,航空戦艦,88,改装設計図x2+試製甲板カタパルト+戦闘詳報+開発資材x80,35.6cm連装砲,瑞雲,-,-,46d97f347a17047dfc2e905730fbb919
103,hyuga kai,日向改,航空戦艦,90,改装設計図x2+試製甲板カタパルト+戦闘詳報+新型航空兵装資材+開発資材x181,35.6cm連装砲,瑞雲,-,-,e6024a33f45b6f21ab630dada71c52a4
104,chitose ko-,千歳航,軽空母,35,-,零式艦戦21型,九七式艦攻,-,*,750acaebc4cea8e232c5858ae532f412
104b,chitose ko- kai,千歳航改,軽空母,50,-,零式艦戦52型,九七式艦攻,12cm30連装噴進砲,-,4e71327f1cf836733278695d55e34ce2
105,chiyoda ko-,千代田航,軽空母,35,-,零式艦戦21型,九七式艦攻,-,*,7defd8530cbb39ed07e792378d2712dd
105b,chiyoda ko- kai,千代田航改,軽空母,50,-,零式艦戦52型,九七式艦攻,12cm30連装噴進砲,-,5488ae2d7a2fef267310351374e94c81
106,shokaku,翔鶴,正規空母,30,-,零式艦戦21型,九九式艦爆,九七式艦攻,-,d39b43e9febadf3c1cb88069fc4b7a69
106b,shokaku kai,翔鶴改,正規空母,80,試製甲板カタパルト+改装設計図,零式艦戦52型,彗星,12cm30連装噴進砲,-,03b129b1ad23d9c7c3104037e89a75b3
107,zuikaku,瑞鶴,正規空母,25,-,零式艦戦21型,九九式艦爆,九七式艦攻,-,c40d12fb2d49c0ed2a7d691ff9f74f49
108,zuikaku kai,瑞鶴改,正規空母,77,試製甲板カタパルト+改装設計図,零式艦戦52型,彗星,12cm30連装噴進砲,-,aebfe7533925f7f9e0a17beedb221393
109,kinu,鬼怒,軽巡洋艦,17,-,14cm単装砲,-,*,*,7e80940988b843a5e0eb11e67c0a10b6
109b,kinu kai,鬼怒改,軽巡洋艦,75,改装設計図,12.7cm連装高角砲,25mm連装機銃,21号対空電探,*,73a3b15f6444f6fda564fdfc594dbf96
110,abukuma,阿武隈,軽巡洋艦,17,-,14cm単装砲,-,*,*,4573c1aa3cf836414dc31072f79ffb0a
110b,abukuma kai,阿武隈改,軽巡洋艦,75,改装設計図,12.7cm連装高角砲,25mm三連装機銃,21号対空電探,*,1bb29e5858b3f2727c418883a8e8b3c0
111,yubari,夕張,軽巡洋艦,25,-,14cm単装砲,14cm単装砲,-,*,ea90868198eee858b1be4fd8c44d6f0d
111b,yubari kai,夕張改,軽巡洋艦,-,-,14cm連装砲,12cm単装高角砲,25mm三連装機銃,-,2794a74d6c97cfeff6a81f1af9d56b93
112,zuiho,瑞鳳,軽空母,25,-,九九式艦爆,九七式艦攻,-,*,a8b0c9451573db8ec2a19b712c459eb6
113,zuihou kai,瑞鳳改,軽空母,80,高速建造材x20+開発資材x5,零式艦戦52型,彗星,天山,-,7ff9dde978ec066723e70ca3762280fe
114,oi kaini,大井改二,重雷装巡洋艦,-,-,12.7cm連装高角砲,61cm五連装(酸素)魚雷,21号対空電探,*,d06ba8de43fd76a2d99a0903a02f0363
115,kitakami kaini,北上改二,重雷装巡洋艦,-,-,12.7cm連装高角砲,61cm五連装(酸素)魚雷,21号対空電探,*,da423ef972619e7df18282f131f2c8bc
116,mikuma,三隈,重巡洋艦,30,-,20.3cm連装砲,零式水上偵察機,-,*,10e4591de41217e15c8cb592b9ade41a
117,mikuma kai,三隈改,重巡洋艦,-,-,20.3cm(3号)連装砲,21号対空電探,瑞雲,-,2650db7cd3060a85c8ad4164c383080e
118,hatsukaze,初風,駆逐艦,20,-,12.7cm連装砲,25mm連装機銃,*,*,a70dafab4adb66efa5a936c2e8d4893d
118d,hatsukaze kai,初風改,駆逐艦,-,-,10cm連装高角砲,61cm四連装(酸素)魚雷,-,*,fda107e21f8db4be48bf57ad3281d32b
119,maikaze,舞風,駆逐艦,20,-,12.7cm連装砲,25mm連装機銃,*,*,f0da5253170a4d4a623cf22c80b52821
119d,maikaze kai,舞風改,駆逐艦,-,-,10cm連装高角砲,61cm四連装(酸素)魚雷,-,*,3a67dd94d593d6a13d7761a833129758
120,kinugasa,衣笠,重巡洋艦,25,-,20.3cm連装砲,7.7mm機銃,-,*,99cad1e33690e556f4296e7e90eed38c
120d,kinugasa kai,衣笠改,重巡洋艦,55,-,20.3cm連装砲,25mm連装機銃,61cm四連装魚雷,-,512095b279ec10df281168719c678b86
121,chitose kou kaini,千歳航改二,軽空母,-,-,零式艦戦52型,25mm連装機銃,12cm30連装噴進砲,-,dc7b72692d82082d8670f1f93e72bd96
122,chiyoda kou kaini,千代田航改二,軽空母,-,-,零式艦戦52型,25mm連装機銃,12cm30連装噴進砲,-,e022046e665ede9e953e4a76b3880a02
123,i19,伊19,潜水艦,50,-,-,*,*,*,7ad3c2657f4595320bbfe3c8b7a3b585
123b,i19 kai,伊19改,潜水艦,-,-,-,-,*,*,279c00710f1b2a2f13568be5018f535b
124,suzuya,鈴谷,重巡洋艦,35,-,20.3cm連装砲,零式水上偵察機,-,*,e62fc0b976e77a1e1d832f80527c20a9
125,kumano,熊野,重巡洋艦,35,-,20.3cm連装砲,零式水上偵察機,-,*,fa6ec7bdcf96b1de13b0063d8438a1f6
126,i168,伊168,潜水艦,50,-,-,*,*,*,e8c96eb0def011708c82ba831d65bfea
126b,i168 kai,伊168改,潜水艦,-,-,-,-,*,*,4faddb881ebac14e6313ff59bed96770
127,i58,伊58,潜水艦,50,-,-,*,*,*,3d9e218f05cc4dd438f4500dd653d842
127b,i58 kai,伊58改,潜水艦,-,-,-,-,*,*,6788624675c52528b5a2ed6879b99575
128,i8,伊8,潜水艦,50,-,-,*,*,*,feb3e86b09db0f4f09c46a2a7d88ad80
128b,i8 kai,伊8改,潜水空母,-,-,-,-,*,*,2f7143c6998b7c26c0b9102d0ecb55f7
129,suzuya kai,鈴谷改,航空巡洋艦,84,改装設計図,20.3cm連装砲,21号対空電探,瑞雲,-,8ca4934b2935ba12d3ceac3f4254d1a7
130,kumano kai,熊野改,航空巡洋艦,84,改装設計図,20.3cm連装砲,22号対水上電探,瑞雲,*,714db236292b43f60bf9b6aaf4aadd1f
131,yamato,大和,戦艦,60,-,46cm三連装砲,15.5cm三連装副砲,零式水上観測機,-,242873e8b009b0156935f2f9760a336d
132,akigumo,秋雲,駆逐艦,30,-,12.7cm連装砲,25mm連装機銃,*,*,cd54f88dc27166fe9413aadd5737c3a0
132b,akigumo kai,秋雲改,駆逐艦,-,-,61cm四連装(酸素)魚雷,25mm三連装機銃,-,*,ac934d4f7967c2fe05ce692beccec5f3
133,yugumo,夕雲,駆逐艦,30,-,12.7cm連装砲,25mm連装機銃,*,*,93ef53b7c1ecc23cbf089834fbd87229
133b,yugumo kai,夕雲改,駆逐艦,75,改装設計図+戦闘詳報,61cm四連装(酸素)魚雷,22号対水上電探,-,*,12bb63f6aa06e27c7446b02d91567021
134,makigumo,巻雲,駆逐艦,30,-,12.7cm連装砲,25mm連装機銃,*,*,02aadcd8afa79b9b2457fee603a7e1d9
134b,makigumo kai,巻雲改,駆逐艦,75,改装設計図+戦闘詳報,61cm四連装(酸素)魚雷,三式水中探信儀,-,*,5f452f5976557c8172f9775f20dd8a0f
135,naganami,長波,駆逐艦,30,-,12.7cm連装砲,25mm連装機銃,*,*,591d0f1d55c435bc4b74883e94dcaf36
135b,naganami kai,長波改,駆逐艦,75,改装設計図+戦闘詳報,61cm四連装(酸素)魚雷,三式水中探信儀,-,*,fe5955c6dc7ee03ef51c8fd9f9e687e5
136,yamato kai,大和改,戦艦,-,-,46cm三連装砲,12.7cm連装高角砲,22号対水上電探,-,9d0b219be35e4bc777ffc21881d50802
137,agano,阿賀野,軽巡洋艦,35,-,15.2cm連装砲,8cm高角砲,-,*,d95ad53c05028ac3a93380787f6ddffb
137b,agano kai,阿賀野改,軽巡洋艦,-,-,15.2cm連装砲,22号対水上電探,-,*,32851c12f87e95f36b3faaba9fbb8bac
138,noshiro,能代,軽巡洋艦,35,-,15.2cm連装砲,8cm高角砲,-,*,e1924277c3ac3c298e9b671fe2929516
138b,noshiro kai,能代改,軽巡洋艦,-,-,15.2cm連装砲,22号対水上電探,-,*,d2f080dccbc2407f358e1ac955a8755f
139,yahagi,矢矧,軽巡洋艦,35,-,15.2cm連装砲,8cm高角砲,-,*,135d2ce220be3e151bbbfaa408f94032
139b,yahagi kai,矢矧改,軽巡洋艦,-,-,15.2cm連装砲,21号対空電探,-,*,c3e30d3d89ceba37d71db38021bc16d8
140,sakawa,酒匂,軽巡洋艦,35,-,15.2cm連装砲,8cm高角砲,-,*,d7ab0c37acfe9bbf6163f10fb9802089
140b,sakawa kai,酒匂改,軽巡洋艦,-,-,-,-,-,*,129beb519770f362d396618bd8c6c663
141,isuzu kaini,五十鈴改二,軽巡洋艦,-,-,22号対水上電探,21号対空電探,三式爆雷投射機,*,324422d3107753cc66aa53baa10718b2
142,kinugasa kaini,衣笠改二,重巡洋艦,-,-,20.3cm(3号)連装砲,61cm四連装(酸素)魚雷,-,-,68ed0a91ff693d80e3a2cdf00d72fa74
143,musashi,武蔵,戦艦,40,-,46cm三連装砲,15.5cm三連装副砲,零式水上観測機,-,ace923a11479613e4aac5a6d4fc6e35e
144,yudati kaini,夕立改二,駆逐艦,-,-,12.7cm連装砲B型改二,61cm四連装(酸素)魚雷,-,*,143ba8f43acfa16670fb4c9ab47afb12
145,shigure kaini,時雨改二,駆逐艦,-,-,22号対水上電探,13号対空電探,-,*,f5a928e9012852a316d0ca0243d3894c
146,kiso kaini,木曾改二,軽巡洋艦,-,-,61cm五連装(酸素)魚雷,13号対空電探,25mm三連装機銃,*,376e9ba1304b291a1cead59e171ca573
147,verunui,Верный,駆逐艦,-,-,-,-,-,*,f77a46451b591d9985462706127759a1
148,musashi kai,武蔵改,戦艦,89,改装設計図x3+新型砲熕兵装資材x3+戦闘詳報,46cm三連装砲,25mm三連装機銃,22号対水上電探,-,634c4c2cefbdf32a9c2df7446dfe17cd
149,kongo kaini,金剛改二,戦艦,92,改装設計図x2+新型砲熕兵装資材x2+戦闘詳報+開発資材x300,41cm連装砲,21号対空電探,22号対水上電探,-,ce41c830c1fd31a6ee7f6d3f3ffb4987
150,hiei kaini,比叡改二,戦艦,-,-,41cm連装砲,21号対空電探,三式弾,-,59bcb5fe9c9c323fe7d6db4e56a68cb3
151,haruna kaini,榛名改二,戦艦,-,-,35.6cm連装砲(ダズル迷彩),35.6cm連装砲(ダズル迷彩),三式弾,13号対空電探,f5214421adea871a8ee1d02847523245
152,kirishima kaini,霧島改二,戦艦,-,-,41cm連装砲,探照灯,21号対空電探,-,530a4ff9eec439ed4bf8c3b9ba782a5d
153,taiho,大鳳,装甲空母,40,-,零式艦戦62型(爆戦),彗星,天山,-,42eaf9eabe4e8ec1bd13638428bd14b4
154,katori,香取,練習巡洋艦,35,-,14cm連装砲,12.7cm連装高角砲,25mm連装機銃,*,569a1b4eedde7516b9495b9aafe91fb4
154b,katori kai,香取改,練習巡洋艦,-,-,14cm連装砲,25mm三連装機銃,九三式水中聴音機,九四式爆雷投射機,c341212492ad8e22cbecccac123466e8
155,i401,伊401,潜水空母,35,-,-,*,*,*,8c42fb899171a808c51a2ac7315c18c3
155b,i401 kai,伊401改,潜水空母,-,-,試製晴嵐,-,*,*,be005701fc264ff0d2ad1e549c68e17b
156,taiho kai,大鳳改,装甲空母,-,-,試製烈風 後期型,流星,10cm連装高角砲(砲架),-,fcad9b81a91d3a34d0881df093bfe913
157,ryujo kaini,龍驤改二,軽空母,-,-,零式艦戦62型(爆戦),25mm連装機銃,二式艦上偵察機,-,de49620ae3b7422628fcf7a0abb1682b
158,sendai kaini,川内改二,軽巡洋艦,-,-,照明弾,探照灯,九八式水上偵察機(夜偵),*,d9ce2eea8afbbf59b98247805de87ce7
159,jintsu kaini,神通改二,軽巡洋艦,-,-,探照灯,61cm四連装(酸素)魚雷,61cm四連装(酸素)魚雷,*,ee7549a9a9a8888fb71f30410c8713a9
160,naka kaini,那珂改二,軽巡洋艦,-,-,12.7cm連装高角砲,61cm四連装(酸素)魚雷,21号対空電探,*,6a247057d56d90fa0d3cbf991f789ca5
161,akitsumaru,あきつ丸,揚陸艦,25,-,大発動艇,25mm連装機銃,-,*,f8c58ff890d7d765afc0b5668fc933ff
162,kamui,神威,補給艦,35,-,-,-,-,*,87e16b195d3ff33e87b85bdb39eaafe0
163,maruyu,まるゆ,潜水艦,20,-,*,*,*,*,8d10e3b5223596cf8a12713d0adc7a64
163b,maruyu kai,まるゆ改,潜水艦,-,-,-,*,*,*,63d7e6dcc8d2351b226588dd85653a42
164,yayoi,弥生,駆逐艦,20,-,12cm単装砲,-,*,*,d935208a53e7b7b98b9aa139b25246c9
164b,yayoi kai,弥生改,駆逐艦,-,-,12cm単装高角砲,61cm三連装魚雷,-,*,6c2adea8aefed152b38fff41801b6d44
165,uduki,卯月,駆逐艦,25,-,12cm単装砲,-,*,*,e8160e5a8ae84f905aa45fbd9ad49e6a
165b,uduki kai,卯月改,駆逐艦,-,-,25mm三連装機銃,25mm連装機銃,13号対空電探,*,46689fed44fb7d8cf268bbb68848e354
166,akitsumaru kai,あきつ丸改,揚陸艦,-,-, 三式指揮連絡機(対潜),カ号観測機,-,*,a7f7ef73f1ccc7fef4b3d67f5607b8c5
167,isokaze,磯風,駆逐艦,45,-,12.7cm連装砲,25mm三連装機銃,*,*,2aa0dd77e07a37490320272585efe1b2
167b,isokaze kai,磯風改,駆逐艦,68,高速建造材x10+開発資材x40,12.7cm連装高角砲(後期型),九四式爆雷投射機,13号対空電探改,*,44eafcbd453859001826bc807292d242
168,urakaze,浦風,駆逐艦,35,-,12.7cm連装砲,九四式爆雷投射機,*,*,58a9402e1cd0a51382132eca6e867b98
168b,urakaze kai,浦風改,駆逐艦,69,高速建造材x10+開発資材x40,12.7cm連装高角砲(後期型),九三式水中聴音機,-,*,a6c7f9272da0230b5e4a32b5a841ba4d
169,tanikaze,谷風,駆逐艦,30,-,12.7cm連装砲,九四式爆雷投射機,*,*,d37bb818717589479a6db19f99f4debb
169b,tanikaze kai,谷風改,駆逐艦,70,高速建造材x20+開発資材x50,九四式爆雷投射機,九三式水中聴音機,-,*,444556a092ce5f187b8372b6bb0f1e5a
170,hamakaze,浜風,駆逐艦,30,-,12.7cm連装砲,九四式爆雷投射機,*,*,aa73b6e2a6dc6b72544dabfb81745212
170b,hamakaze kai,浜風改,駆逐艦,67,高速建造材x10+開発資材x40,25mm三連装機銃,22号対水上電探,-,*,747bb23f2c21a975e46aacae7bfad3a2
171,bismarck,Bismarck,戦艦,30,-,38cm連装砲,15cm連装副砲,-,-,36f0570990ac5402b2ef514d36b0435c
172,bismarck kai,Bismarck改,戦艦,50,改装設計図, 38cm連装砲,15cm連装副砲,-,-,53bd83267f7b83d1a26da908e35a4e54
173,bismarck zwei,Bismarck zwei,戦艦,75,改装設計図,38cm連装砲,3.7cm FlaK M42,2cm 四連装FlaK 38,-,1a563c32df61a3244dad656217bb99bb
174,z1,Z1,駆逐艦,30,-,12.7cm単装砲,-,-,*,2871a030d5f4d04037a9b6f405e19c5a
174b,z1 kai,Z1改,駆逐艦,70,-,12.7cm単装砲,-,-,*,6910b79c8f5dc55f447ba4f44a64ebde
175,z3,Z3,駆逐艦,30,-,12.7cm単装砲,-,-,*,70e31ac6776e733109977f8afdd234ed
175b,z3 kai,Z3改,駆逐艦,70,-,12.7cm単装砲,-,-,*,de47ba54880364c879851ce225a3d340
176,prinz eugen,Prinz Eugen,重巡洋艦,45,-,SKC34 20.3cm連装砲,Ar196改,-,*,17e2dab9795b1b93bcd41d8a46395d78
177,prinz eugen kai,Prinz Eugen改,重巡洋艦,-,-,SKC34 20.3cm連装砲,2cm 四連装FlaK 38,FuMO25 レーダー,-,0b73d80b2d843fe3fa22a03163a87661
178,bismarck drei,Bismarck drei,戦艦,-,-,38cm連装砲改,38cm連装砲改,3.7cm FlaK M42,Ar196改,d941eb47fddbb1f38c3116f52fbd4bff
179,z1 zwei,Z1 zwei,駆逐艦,-,-,2cm 四連装FlaK 38,12.7cm単装砲,-,*,6fa81529cdb1d384f09ec75812a91d9c
180,z3 zwei,Z3 zwei,駆逐艦,-,-,3.7cm FlaK M42,12.7cm単装砲,-,*,073349c9a944ede6b53313dd8b6cddc7
181,amatsukaze,天津風,駆逐艦,20,-,12.7cm連装砲,61cm四連装魚雷,強化型艦本式缶,*,e9a900c442d1b53e8939027f93ec7421
181b,amatsukaze kai,天津風改,駆逐艦,-,-,61cm四連装(酸素)魚雷,三式水中探信儀,新型高温高圧缶,*,118ca8e8d230b76ead409fe90de331a5
182,akashi,明石,工作艦,35,-,艦艇修理施設,25mm連装機銃,-,*,bad7976d92d5f7abac8fd37e702639f1
183,oyodo,大淀,軽巡洋艦,35,-,15.5cm三連装砲,10cm連装高角砲(砲架),零式水上偵察機,*,bf03bc4abd5bee486480fcdef320fed0
183b,oyodo kai,大淀改,軽巡洋艦,-,-,15.2cm連装砲,艦隊司令部施設, 13号対空電探改,-,48db6778db9da101bb1f71e84df21e6b
184,taigei,大鯨,潜水母艦,25,改装設計図,12.7cm連装高角砲,毘式40mm連装機銃,-,*,e7b31a86bb1ac3b484fe0f3493e898b8
185,ryuho,龍鳳,軽空母,50,-,零式艦戦21型,九七式艦攻,-,*,fc15fc62f10d7b7dd525eeef82f94644
186,tokitsukaze,時津風,駆逐艦,30,-,12.7cm連装砲,61cm四連装魚雷,*,*,c113b00437286559c901f7d9fee7ad6a
186b,tokitsukaze kai,時津風改,駆逐艦,-,-,61cm四連装(酸素)魚雷,12.7cm連装高角砲(後期型),-,*,b869dda748a4b7f8aacaeab7d4aa0d76
187,akashi kai,明石改,工作艦,-,-,艦艇修理施設,12.7cm連装高角砲,25mm連装機銃,-,1573552032c780d1857541c392423176
188,tone kaini,利根改二,航空巡洋艦,-,-,20.3cm(3号)連装砲,21号対空電探,瑞雲(六三四空),-,d81a0f0002282b2e7f779c501a458431
189,tikuma kaini,筑摩改二,航空巡洋艦,-,-,20.3cm(3号)連装砲,21号対空電探,瑞雲(六三四空),-,305b5d0e25b81c452c37ae421bd33ae2
190,ryuho kai,龍鳳改二,軽空母,-,-,零式艦戦52型,九七式艦攻(九三一空), 12cm30連装噴進砲,-,3894f4aed98bf710a36c6b4b9ef79f36
191,myoko kaini,妙高改二,重巡洋艦,-,-,20.3cm(2号)連装砲,20.3cm(2号)連装砲,22号対水上電探,-,f2aab7777d5753c10d40bae5a3db0f1c
192,nachi kaini,那智改二,重巡洋艦,-,-,20.3cm(2号)連装砲,20.3cm(2号)連装砲,61cm四連装(酸素)魚雷,-,66493694301f1afd9c21f8ea12e27144
193,ashigara kaini,足柄改二,重巡洋艦,-,-,20.3cm(2号)連装砲,20.3cm(2号)連装砲,20.3cm(2号)連装砲,-,d61513c430f9d492add0d2a823160b86
194,haguro kaini,羽黒改二,重巡洋艦,-,-,20.3cm(2号)連装砲,20.3cm(2号)連装砲,22号対水上電探,-,ead464ef238e6c0e006a01058d7c2f7e
195,ayanami kaini,綾波改二,駆逐艦,-,-,12.7cm連装砲B型改二,照明弾,探照灯,*,43ab57134e1562a1e5ecd87a10af587a
196,hiryu kaini,飛龍改二,正規空母,-,-,零式艦戦21型(熟練),九九式艦爆(熟練),九七式艦攻(友永隊),-,996e601caae1094afdbcfa1284589bb4
197,soryu kaini,蒼龍改二,正規空母,-,-, 零式艦戦21型(熟練), 九九式艦爆(江草隊),九七式艦攻(熟練),二式艦上偵察機,da67345ec382e92bb9c275eab849d9fd
198,arare kaini,霰改二,駆逐艦,-,-,12.7cm連装砲C型改二,61cm四連装(酸素)魚雷,大発動艇,*,c0582a175176205e83c3d9eaea0fee36
199,ooshio kaini,大潮改二,駆逐艦,-,-,12.7cm連装砲B型改二,61cm四連装(酸素)魚雷,大発動艇,*,66b7bc76f5ca02d586d572abf98ee7bb
200,abukuma kaini,阿武隈改二,軽巡洋艦,-,-,12.7cm連装高角砲(後期型),13号対空電探改,大発動艇,*,b194a83208a9fe2c98dbb9a5c7745cc6
201,unryu,雲龍,正規空母,50,改装設計図,25mm三連装機銃,12cm30連装噴進砲,-,-,f0f2b9005d6c67f7c912f755ac9cc454
202,amagi,天城,正規空母,50,改装設計図,25mm三連装機銃,12.7cm連装高角砲,-,-,1aeda493ed36b99d99638da8a0aa4b37
203,katsuragi,葛城,正規空母,50,改装設計図,25mm連装機銃,25mm三連装機銃,-,-,054dfa725a55570339d6fad4be9c3b63
204,hatsuharu kaini,初春改二,駆逐艦,-,-,12.7cm連装砲B型改二,13号対空電探改,25mm三連装機銃,*,adba39f8f678d6bbac01b9bedd210d7b
205,harusame,春雨,駆逐艦,30,-,12.7cm連装砲,毘式40mm連装機銃,*,*,db1fbac53dedcdead4758c35b2e48b4c
205b,harusame kai,春雨改,駆逐艦,-,-,12.7cm連装砲B型改二,ドラム缶(輸送用),-,*,6c99a90c2dfb9891ce7ac0bf99833723
206,unryu kai,雲龍改,正規空母,-,-, 零戦52型丙(六〇一空),彗星(六〇一空),天山(六〇一空),彩雲,422a05e71735059305ddf5347bdc4c4a
207,ushio kaini,潮改二,駆逐艦,-,-,25mm三連装機銃,25mm連装機銃,九四式爆雷投射機,*,10c8a6324296ff272e139404207d4c8c
208,junnyo kaini,隼鷹改二,軽空母,-,-, 試製烈風 後期型,13号対空電探改,21号対空電探,12cm30連装噴進砲,00f61f1e09049ac8e71cd2350ed53d51
209,hayashimo,早霜,駆逐艦,30,-,12.7cm連装砲,25mm連装機銃,*,*,c5182414fcd883a465f1b19a5935d425
209b,yahashimo kai,早霜改,駆逐艦,-,-,22号対水上電探,九四式爆雷投射機,13号対空電探,*,c63d3242227a8bc23477f4fa1c7f328f
210,kiyoshimo,清霜,駆逐艦,30,-,12.7cm連装砲,25mm連装機銃,*,*,4d9f50054dda417c44f3c6b06974a333
210b,kiyoshimo kai,清霜改,駆逐艦,-,-,22号対水上電探,三式水中探信儀,13号対空電探,*,f375a8c569d1fbb3c33237288211ee56
211,huso kaini,扶桑改二,航空戦艦,-,-,試製41cm三連装砲,41cm連装砲,12cm30連装噴進砲,瑞雲12型,cfbd18fea6a4e58707e41e20586161a0
212,yamashiro kaini,山城改二,航空戦艦,-,-,試製41cm三連装砲,41cm連装砲,探照灯,瑞雲12型,f8a7f26384e4f82023c14b801ee88331
213,asagumo,朝雲,駆逐艦,35,-,12.7cm連装砲,61cm四連装魚雷,*,*,0ec3e366d5099ade09f930c098ef1631
213b,asagumo kai,朝雲改,駆逐艦,-,-,12.7cm連装高角砲(後期型),九四式爆雷投射機,-,*,b427b859250dbe038bb08470cc25b4da
214,yamagumo,山雲,駆逐艦,35,-,12.7cm連装砲,61cm四連装魚雷,*,*,857290ba942e1784b86a503567adadba
214b,yamagumo kai,山雲改,駆逐艦,-,-,12.7cm連装高角砲(後期型),九四式爆雷投射機,-,*,df8e159ab995c1d1331bf67c700491bf
215,nowaki,野分,駆逐艦,35,-,12.7cm連装砲,61cm四連装魚雷,*,*,d9ac2633bb065b79f9376cf0523a3e11
215b,nowaki kai,野分改,駆逐艦,-,-,12.7cm連装高角砲(後期型),九三式水中聴音機,-,*,6de71d9365ae009e48d5962be61daaff
216,hurutaka kaini,古鷹改二,重巡洋艦,-,-,20.3cm(2号)連装砲,20.3cm(2号)連装砲,探照灯,-,db4b84d40eafd5f6e0508b4c014faa97
217,kako kaini,加古改二,重巡洋艦,-,-,20.3cm(2号)連装砲,20.3cm(2号)連装砲,探照灯,25mm連装機銃,ad7c77b11c0500833c12073516e176a1
218,satsuki kaini,皐月改二,駆逐艦,-,-,25mm三連装機銃 集中配備,61cm三連装(酸素)魚雷,13号対空電探改,*,b7dd784fff7aa3a23ecc2824730ee308
219,hatsushimo kaini,初霜改二,駆逐艦,-,-,12.7cm連装高角砲(後期型),13号対空電探改,91式高射装置,*,0558d783e12676c52aee9c8ad67100f1
220,murakumo kaini,叢雲改二,駆逐艦,-,-,12.7cm連装高角砲(後期型),12.7cm連装高角砲(後期型),61cm三連装(酸素)魚雷,*,54a7d107fa04a5fda4d65ae722d73cfd
221,akiduki,秋月,駆逐艦,40,-,10cm高角砲＋高射装置,61cm四連装(酸素)魚雷,25mm連装機銃,*,8f04061a29b15ff8e3fdc8397eb2f4f4
221b,akiduki kai,秋月改,駆逐艦,-,-,10cm高角砲＋高射装置,13号対空電探改,25mm三連装機銃,*,3820e120783991058b25336900cbfe1a
222,teruduki,照月,駆逐艦,40,-,10cm高角砲＋高射装置,61cm四連装(酸素)魚雷,25mm連装機銃,*,5b522365b376706c776153b6736debc7
222b,teruduki kai,照月改,駆逐艦,-,-,10cm高角砲＋高射装置,13号対空電探改,25mm三連装機銃,*,61506573c6ce77e8ac0e439866ed5629
223,hatsuduki,初月,駆逐艦,40,-,10cm高角砲＋高射装置,61cm四連装(酸素)魚雷,25mm三連装機銃,*,7d1537673e21eeb44f7a22bb62a8342b
223b,hatsuduki kai,初月改,駆逐艦,-,-,10cm高角砲＋高射装置,13号対空電探改,25mm三連装機銃,*,f970e90388c74bf43a1ced85fb6ef1d6
224,takanami,高波,駆逐艦,30,-,12.7cm連装砲,25mm連装機銃,*,*,2b51a1874b040deebef83878a8996335
224b,takanami kai,高波改,駆逐艦,-,-,熟練見張員,22号対水上電探,13号対空電探,*,730e91959ea12053c9f8a58558eedc7f
225,asashimo,朝霜,駆逐艦,45,-,12.7cm連装砲,九三式水中聴音機,*,*,4da0e5150158a7a92d3fc55f922c113f
225b,asashimo kai,朝霜改,駆逐艦,-,-,12.7cm連装高角砲(後期型),三式水中探信儀,25mm三連装機銃,*,1affab66bbfcd8722d5d2e5fc455804c
226,hubuki kaini,吹雪改二,駆逐艦,-,-,61cm三連装(酸素)魚雷,94式高射装置,13号対空電探改,*,b6fedb7dd95d0c955b85e4f82b5d739b
227,tyokai kaini,鳥海改二,重巡洋艦,-,-,20.3cm(2号)連装砲,熟練見張員,探照灯, 22号対水上電探改四,14ae0ccf7610293ff84bf94b506401c3
228,maya kaini,摩耶改二,重巡洋艦,-,-,20.3cm(2号)連装砲,25mm三連装機銃 集中配備,94式高射装置,12.7cm連装高角砲,7bba4099840a1ac70d73a0cd26f92852
229,amagi kaini,天城改二,正規空母,-,-,零戦52型丙(六〇一空),彗星(六〇一空),天山(六〇一空), 12cm30連装噴進砲,3123dc288ff0f64d54b4b91cce0347f4
230,katsuragi kaini,葛城改二,正規空母,-,-,零戦52型丙(六〇一空),流星(六〇一空),25mm連装機銃,12cm30連装噴進砲,63972e985551b419c5aea320d594a2e8
231,u511,U-511,潜水艦,35,-,WG42 (Wurfgerät 42),*,*,*,87e0d21a85b950fabfd86b42950624f1
231b,u511 kai,U-511改,潜水艦,55,-,-,-,*,*,1d47ba3897d4b3caeadfb4cdd029f44c
232,grafzeppelin,Graf Zeppelin,正規空母,50,-,Bf109T改,10.5cm連装砲,-,*,37a05818c81547e4faf432228b0856ed
232b,grafzeppelin kai,Graf Zeppelin改,正規空母,-,-,Fw190T改,Ju87C改,10.5cm連装砲,*,111c2c8f5abb4ddf85c57ff056417d64
233,saratoga,Saratoga,正規空母,40,-,F4F-3,TBD,-,-,8d7eba68f11995282d3ee928bcab77a1
234,mutsuki kaini,睦月改二,駆逐艦,-,-,12.7cm連装高角砲(後期型),61cm三連装(酸素)魚雷,強化型艦本式缶,*,f210b0702388b1a3dc1bda739b0cbedf
235,kisaragi kaini,如月改二,駆逐艦,-,-,12.7cm連装高角砲(後期型),61cm三連装(酸素)魚雷,強化型艦本式缶,*,9dc93254931ae50d0ab5b845d946638e
236,ro500,呂500,潜水艦,-,-,試製FaT仕様九五式酸素魚雷改,-,*,*,2f842445d3e7ad4061df0f6ac6ab0740
237,akatsuki kaini,暁改二,駆逐艦,-,-,12.7cm連装高角砲(後期型),探照灯,61cm三連装(酸素)魚雷,*,dcdd693381d292d0a9695f42835e9c0b
238,saratoga kai,Saratoga改,正規空母,85,試製甲板カタパルト+改装設計図,F4F-4,SBD,-,-,d327f71ebfec4183a88b0c9711f5c8e1
239,warspite,Warspite,戦艦,75,-,38.1cm Mk.I連装砲,-,-,-,fdc08f9fc0a483321b769e03d2ceb56e
239b,warspite kai,Warspite改,戦艦,-,-,38.1cm Mk.I連装砲,QF 2ポンド8連装ポンポン砲,-,-,665acf95a843207c9a9a7110d841b45a
240,iowa,Iowa,戦艦,50,-, 16inch三連装砲 Mk.7,5inch連装砲 Mk.28 mod.2,-,-,0daaf4a9abe3920c453a7f1f82a9bb19
240b,iowa kai,Iowa改,戦艦,-,-,16inch三連装砲 Mk.7, 5inch連装砲 Mk.28 mod.2, Bofors 40mm四連装機関砲,OS2U,b91f0f242feeeddabdc42b558e4bbf45
241,littorio,Littorio,戦艦,35,改装設計図,381mm/50 三連装砲, OTO 152mm三連装速射砲,プリエーゼ式水中防御隔壁,-,c4c5fa8d7131e7f7a10515656f32ef8a
242,roma,Roma,戦艦,35,改装設計図,381mm/50 三連装砲,OTO 152mm三連装速射砲,プリエーゼ式水中防御隔壁,-,e82fd46b0550431fe786eaa614549608
243,libeccio,Libeccio,駆逐艦,30,-,120mm連装砲,-,*,*,e93ad0dca04c275e172cb5aa5b1deac3
243b,libeccio kai,Libeccio改,駆逐艦,-,-,120mm連装砲,120mm連装砲,-,*,7f1f56c6414287918e5fe91df7c8c3ab
244,aquila,Aquila,正規空母,45,-,Re.2001 OR改,-,-,*,e5dd32c7907e746d4cfc6f9b8f867d2c
244b,aquila kai,Aquila改,正規空母,-,-,Re.2001 OR改,Re.2001 G改,-,-,3c9b43db112a05f0b5aee09ceedbfa22
245,akitsushima,秋津洲,水上機母艦,35,-,12.7cm連装高角砲,25mm連装機銃,*,*,4d3d317288e16aa2008093f9db51bb9f
246,Italia,Italia,戦艦,-,-,381mm/50 三連装砲改,OTO 152mm三連装速射砲,90mm単装高角砲,-,2dd54eeecb4fc052da43cc77321ab74e
247,roma kai,Roma改,戦艦,-,-,381mm/50 三連装砲改,OTO 152mm三連装速射砲,90mm単装高角砲,-,afaa7e8d36386ed10fab80ef5f418d94
248,zara,Zara,重巡洋艦,40,-,203mm/53 連装砲,-,-,*,f8c2475361c649af0f3bf7c2e2aa5160
248b,zera kai,Zara改,重巡洋艦,88,改装設計図,203mm/53 連装砲,Ro.43水偵,-,-,91df7a6f65ea9ab5a5b6971fde4a4d9a
249,pola,Pola,重巡洋艦,40,-,203mm/53 連装砲,-,-,*,9219ee9e1eb760ce3bd97532b5ca05e1
249b,pola kai,Pola改,重巡洋艦,-,-,203mm/53 連装砲,Ro.44水上戦闘機,-,-,6f3565cbbbfaf57bf9d1e935670988b3
250,akitsushima kai,秋津洲改,水上機母艦,-,-,二式大艇,25mm三連装機銃,-,*,d5a8d30a70d1691f635ca5c945f16ff8
251,mizuho,瑞穂,水上機母艦,40,-,12.7cm連装高角砲,零式水上観測機,*,*,7b1a7f6ddaeef7df03142fe71ab7eccc
251b,mizuho kai,瑞穂改,水上機母艦,-,-,零式水上観測機,甲標的 甲型,25mm連装機銃,*,73b4bec35b3a67ec5e686efe57a945a4
252,okinami,沖波,駆逐艦,30,-,12.7cm連装砲,25mm連装機銃,*,*,a379c11c94ec0f7aab633d126423cbf0
252b,okinami kai,沖波改,駆逐艦,-,-,13号対空電探,22号対水上電探,25mm三連装機銃,*,3f9b2262a37612f2ee9c56de1cbd6a27
253,kazagumo,風雲,駆逐艦,75,改装設計図+戦闘詳報,12.7cm連装砲,25mm連装機銃,*,*,9975db925c9106a440df15f2d21a7934
253b,kazagumo kai,風雲改,駆逐艦,-,-,熟練見張員,22号対水上電探,13号対空電探,*,a6d6a69d7d3ec89b5ca2d7fc1f38977c
254,arashi,嵐,駆逐艦,35,-,12.7cm連装砲,九四式爆雷投射機,*,*,87c58dabc36cf2256489e8c5966f5898
254b,arashi kai,嵐改,駆逐艦,-,-,12.7cm連装高角砲(後期型),三式爆雷投射機,-,*,ef60878738030dc64291eb79cb2d5ab8
255,hagikaze,萩風,駆逐艦,35,-,12.7cm連装砲,25mm連装機銃,*,*,b4d43819941b21c860d2d189a598dc27
255b,hagikaze kai,萩風改,駆逐艦,-,-,12.7cm連装高角砲(後期型),61cm四連装(酸素)魚雷,-,*,da9b5a3025adcb3f5e82c3723f9fa78f
256,oyashio,親潮,駆逐艦,35,-,12.7cm連装砲,61cm四連装魚雷,*,*,bfbc3de6907e3bd3d93743c2e1a029d1
256b,oyashio kai,親潮改,駆逐艦,-,-,12.7cm連装砲B型改二,61cm四連装(酸素)魚雷,-,*,b9363f1d61a4f345d7669a5450476456
257,yamakaze,山風,駆逐艦,45,-,12.7cm連装砲,-,*,*,defe065c7f09bd7ee43f2c05dff4f4dd
257b,yamakaze kai,山風改,駆逐艦,-,-,12.7cm連装砲B型改二,九三式水中聴音機,九四式爆雷投射機,*,aa4addad1a731b755010a287cf69ac0c
258,umikaze,海風,駆逐艦,30,-,12.7cm連装砲,-,*,*,a0fe0485c860955a7b00dedf53e1f177
258b,umikaze kai,海風改,駆逐艦,82,戦闘詳報+開発資材×30,12.7cm連装砲B型改二,九四式爆雷投射機,-,*,8016fc6d15916fe95b2870a73a5a1e7a
259,kawakaze,江風,駆逐艦,30,-,12.7cm連装砲,-,*,*,8003c6a4c1d9cbe3226b822ef070ef6e
259b,kawakaze kai,江風改,駆逐艦,75,-,12.7cm連装砲B型改二,22号対水上電探,-,*,02a32a55a568875c1d9573ce7aaee4b9
260,hayasui,速吸,補給艦,25,-,瑞雲,洋上補給,*,*,be80e81e00a4cd0cd0c7ac551d778d1b
260b,hayasui kai,速吸改,補給艦,-,-,流星,洋上補給,25mm三連装機銃,*,5f821a2f525ef798953f25f0d406c866
261,shokaku kaini,翔鶴改二,正規空母,88,-,-,-,-,-,d333fffa6546b66da0e83d3fb9a74bbd
262,zuikaku kaini,瑞鶴改二,正規空母,90,-,-,-,-,-,e28d1fadbfb59298a569285c3f2bd0ac
263,asashio kaini,朝潮改二,駆逐艦,85,-,-,-,-,*,928a9525083e5bbd20af222e39c90add
264,kasumi kaini,霞改二,駆逐艦,88,-,-,-,-,*,5a112411df852ba2efd2bf4df8a0418e
265,kashima,鹿島,練習巡洋艦,35,-,14cm連装砲,12.7cm連装高角砲,九四式爆雷投射機,*,2d21b7a926480d261784c3b7ecf0f18e
265b,kashima kai,鹿島改,練習巡洋艦,-,-,14cm連装砲,探照灯,三式水中探信儀,九四式爆雷投射機,19bd1b0ac189b3e95885cdc0a57b0149
266,shokaku kaini kou,翔鶴改二甲,装甲空母,-,-,-,-,-,-,694e54952631502cfa37973650e12166
267,zuikaku kaini kou,瑞鶴改二甲,装甲空母,-,-,-,-,-,-,5e14e9a9116f61ccf84d744fe030fa0d
268,asashio kaini tei,朝潮改二丁,駆逐艦,-,-,-,-,-,*,e01a8ae143e30f4ca46bb4b5f1bdf3f9
269,kawakaze kaini,江風改二,駆逐艦,-,-,12.7cm連装砲B型改二,61cm四連装(酸素)魚雷,照明弾,*,bde6d53e4297b301fa0a55a72a71c1b0
270,kasumi kaini otsu,霞改二乙,駆逐艦,-,-,-,-,-,*,92c4c0cbf3ec7c7a652ea336a4ec1e39
271,kamikaze,神風,駆逐艦,50,-,12cm単装砲,53cm連装魚雷,*,*,ff1207b1ff9b9381e2dbd59e9ae1d186
272,asakaze,朝風,駆逐艦,50,-,12cm単装砲,53cm連装魚雷,*,*,98940568d56e0778a575f51f9ca58e9d
272b,asakaze kai,朝風改,駆逐艦,-,-,12cm単装砲,53cm連装魚雷,九四式爆雷投射機,*,7988f331ea3141e378d600c45dc16392
273,harukaze,春風,駆逐艦,50,-,12cm単装砲,53cm連装魚雷,*,*,78fb58ea1336a8bcf05227f650bf3066
273b,harukaze kai,春風改,駆逐艦,-,-,12cm単装砲,53cm連装魚雷,25mm連装機銃,*,43bfe2d38b0170119618e4d55c7428e8
274,matsukaze,松風,駆逐艦,50,-,12cm単装砲,53cm連装魚雷,*,*,dca49bbf61636ea8ec1ddd9cb592668b
274b,matsukaze kai,松風改,駆逐艦,-,-,12cm単装砲,九三式水中聴音機,九四式爆雷投射機,*,591a16a020857c88de294f1fcba733f2
275,hatakaze,旗風,駆逐艦,50,-,12cm単装砲,53cm連装魚雷,*,*,476ad2e6022649b06b018f08d4bb8f87
275b,hatakaze kai,旗風改,駆逐艦,-,-,12cm単装砲,九三式水中聴音機,九四式爆雷投射機,*,3f0f9eeebd29e790f1064d24f2c53562
276,kamikaze kai,神風改,駆逐艦,-,-,12cm単装砲,53cm連装魚雷,22号対水上電探,*,5c7a9e9964a7c22dd1158de2698e15f6
277,tenryu kaini,天龍改二,軽巡洋艦,-,-,12.7cm連装高角砲(後期型),12.7cm連装高角砲(後期型),12.7cm連装高角砲(後期型),*,b3db6c2b48504e7460d1aaf846d847c0
278,tatsuta kaini,龍田改二,軽巡洋艦,-,-,12.7cm連装高角砲(後期型),三式爆雷投射機,53cm連装魚雷★+3,*,f6cb5f3388892bbee8ae9eee1450cb9d
279,amagiri,天霧,駆逐艦,35,-,12.7cm連装砲,-,*,*,bff8b568e236f4a36b960aa3c8cabb49
279b,amagiri kai,天霧改,駆逐艦,-,-,12.7cm連装砲B型改二,61cm三連装(酸素)魚雷,25mm連装機銃,*,c1315c83a78ef93fb8dd7c9c213b6d39
280,sagiri,狭霧,駆逐艦,30,-,12.7cm連装砲,-,*,*,b96c5874e3654dfdb9506d5a85d52ec3
280b,sagiri kai,狭霧改,駆逐艦,-,-,12.7cm連装砲B型改二,九四式爆雷投射機,25mm単装機銃,*,b40fcc7bdd48e544affaf7f5c9a6f6f8
281,minaduki,水無月,駆逐艦,20,-,12cm単装砲,-,*,*,8811a3560c1a5451d6fc2802b1e1bce7
281b,minaduki kai,水無月改,駆逐艦,-,-,12cm単装高角砲,61cm三連装魚雷,13号対空電探,*,19406598aeff5778166497634c6095c9
282,,未実装,,,,*,*,*,*,
283,i26,伊26,潜水艦,50,-,-,*,*,*,d822b5167fb6edf3f2397d48e37332e5
283b,i26 kai,伊26改,駆逐艦,-,-,-,-,*,*,ad8f96a9c618ddb4e66b85c5f4b2fa09
284,hamanami,浜波,駆逐艦,30,-,12.7cm連装砲,25mm連装機銃,*,*,d83a72ddabe23118ac724b65fb43165e
284b,hamanami kai,浜波改,駆逐艦,-,-,22号対水上電探,13号対空電探,25mm連装機銃,*,92fc696e2d3b50b4f06d5f34eabe4cd7
285,hujinami,藤波,駆逐艦,30,-,12.7cm連装砲,25mm連装機銃,*,*,f857eed60f68b77bfaeef31abe85612f
285b,hujinami kai,藤波改,駆逐艦,-,-,22号対水上電探,13号対空電探,25mm連装機銃,*,c734164b0437f534f63b3c0c874bdce5
286,uranami,浦波,駆逐艦,30,-,12.7cm連装砲A型,61cm三連装魚雷,*,*,966c3fad2f6ae572cfffa649ec9342fc
286b,uranami kai,浦波改,駆逐艦,-,-,12.7cm連装砲A型,61cm三連装魚雷,25mm連装機銃,*,9528efc4b81ed29b0abab650f71a253d
287,kinu kaini,鬼怒改二,軽巡洋艦,-,-,12.7cm連装高角砲(後期型),25mm三連装機銃 集中配備,大発動艇,*,ebb005309aacb41da23f86a3cdb2c336
288,yura kaini,由良改二,軽巡洋艦,-,-,12.7cm単装高角砲(後期型),零式水上偵察機11型乙,-,*,229a065a53fcad1eb5ffeffc92aea29a
289,michishio kaini,満潮改二,駆逐艦,-,-,12.7cm連装砲C型改二,探照灯,22号対水上電探,*,3d8be785cfe461f7d069781c6837b0ed
290,arashio kaini,荒潮改二,駆逐艦,-,-,大発動艇,探照灯,61cm四連装(酸素)魚雷,*,b28cb93955a738937fd8780b754d0d1c
291,commandant teste,Commandant Teste,水上機母艦,40,-, Late 298B,-,-,*,3917ed0f2d82b0cb69e99ab661ea2ea6
291b,commandant teste kai,Commandant Teste改,水上機母艦,-,-,Late 298B,-,-,-,e800799c8fdaa7535d99ec7e1707eac7
292,richelieu,Richelieu,戦艦,45,-,38cm四連装砲,15.2cm三連装砲,-,-,f645ea260d96d6f6cd1ec6c2847c89da
292b,richelieu kai,Richelieu改,戦艦,-,-,38cm四連装砲改,15.2cm三連装砲,-,-,f143016faf4734509871c93dba38531d
293,i400,伊400,潜水空母,37,-,-,*,*,*,f803c12808141583e6d766b17211a1b1
293b,i400 kai,伊400改,潜水空母,-,-,試製晴嵐,-,*,*,6f09b6104d226f379fbfe45b20c7762f
294,i13,伊13,潜水空母,45,-,-,-,*,*,dfd890c9ee817dde91a5223568814cc5
294b,i13 kai,伊13改,潜水空母,-,-, 潜水艦搭載電探＆逆探(E27),-,-,*,d13981373478abd02cddebfa1904fe6b
295,i14,伊14,潜水空母,45,-,-,-,*,*,ae233ddf0e2fe89dc61f60fa37dc18b4
295b,i14 kai,伊14改,潜水空母,-,-,試製晴嵐,-,-,*,df93ac6f456e19244ef429507f8a7b10
296,zara due,Zara due,重巡洋艦,-,-, Ro.44水上戦闘機, 203mm/53 連装砲,増設バルジ(中型艦),-,fff51954d7638ebc2cd9e0f1a1904a39
297,shiratsuyu kaini,白露改二,駆逐艦,-,-,12.7cm連装砲C型改二,22号対水上電探改四★+4,九五式爆雷★+4,*,866ba5ab6fdcb763c8f4a17aca15de50
298,murasame kaini,村雨改二,駆逐艦,-,-,12.7cm連装砲C型改二,61cm四連装(酸素)魚雷,25mm三連装機銃★+3,*,80cb9a974bf02a89be1d61b1fa2a7376
299,kamoi kai,神威改,水上機母艦,60,-,-,-,-,*,71bee3084924e2adc3a7252fdface2ec
300,kamoi kaibo,神威改母,補給艦,-,-,-,-,-,*,998302cc11846138a74c5a7069d089de
301,,未実装,,,,*,*,*,*,
302,,未実装,,,,*,*,*,*,
303,suzuya kaini,鈴谷改二,航空巡洋艦,88,改装設計図,-,-,-,-,805a8f3ac325bcb2c5ede46e1a365a50
304,kumano kaini,熊野改二,航空巡洋艦,88,改装設計図,-,-,-,-,9c0c589d17da895aceafb15a05910db3
305,,未実装,,,,*,*,*,*,
306,,未実装,,,,*,*,*,*,
307,,未実装,,,,*,*,*,*,
308,suzuya kou kaini,鈴谷航改二,軽空母,-,-,-,-,-,-,c0179f7df57829825b40c4d6c4de5204
309,kumano kou kaini,熊野航改二,軽空母,-,-,-,-,-,-,38ed483ca8bc1a2536bc827a5aed95d4
310,,未実装,,,,*,*,*,*,
311,ganguto,Гангут,戦艦,45,-,30.5cm三連装砲,30.5cm三連装砲,-,-,5fec387879792e1d728fbe90014b604c
312,ganguto kai,Октябрьская революция,戦艦,75,-,30.5cm三連装砲改,-,-,-,095862faea81ad15ee2ca07fad0c6558
313,tashukent,Ташкент,駆逐艦,50,-,130mm B-13連装砲,改良型艦本式タービン,強化型艦本式缶,*,a48bbe87f8786ec383c03bd6f7b846ac
313b,tashukent kai,Ташкент改,駆逐艦,-,-,130mm B-13連装砲,533mm 三連装魚雷,改良型艦本式タービン,強化型艦本式缶,706d1ca56dffb58fb83c0e3be0dec498
314,,未実装,,,,*,*,*,*,
315,ark royal,Ark Royal,正規空母,45,-,Skua,Swordfish,-,-,cf44e1a4ea5b037c5590be6e2cd98248
315b,ark royal kai,Ark Royal改,正規空母,-,-,Fulmar,Swordfish,QF 2ポンド8連装ポンポン砲,-,0f9fa0d0a92615f259706f32c2eb620f
316,ganguto kaini,Гангут два,戦艦,-,-,30.5cm三連装砲改,-,-,-,5f937e700b6febd7e9c2704de9e21c18
317,shimushu,占守,海防艦,40,-,12cm単装砲,25mm連装機銃,*,*,5421bdcf970134a04e4a4d25debaaf3b
317b,shimushu kai,占守改,海防艦,-,-,九四式爆雷投射機,九五式爆雷,25mm連装機銃,*,cfa362d6ffce00df11bc8b7739b79ede
318,kunashiri,国後,海防艦,40,-,12cm単装砲,25mm連装機銃,*,*,16a3fc72f46d1df1d21c55e1473618a2
318b,kunashiri kai,国後改,海防艦,-,-,12.7cm単装高角砲(後期型),九四式爆雷投射機,-,*,52dd9b6a132a99cbcbfecfe5ff937c6e
319,javis,Jervis,駆逐艦,45,-,QF 4.7inch砲 Mk.XII改,-,*,*,656f6a5a5074a0e48557da99bafa91f1
319b,javis kai,Jervis改,駆逐艦,-,-,QF 4.7inch砲 Mk.XII改,Type124 ASDIC,-,*,471f3970da8d1a246d882481e1982588
320,junas,Janus,駆逐艦,55,高速建造材×10+開発資材×90,QF 4.7inch砲 Mk.XII改,-,*,*,e0e30ab4f1b5ab83162a4f401a6ecff4
320b,junas kai,Janus改,駆逐艦,-,-,QF 4.7inch砲 Mk.XII改,Type144／147 ASDIC,-,*,ac4a6ad5472042f6a9ce97d5b91402c1
321,kasugamaru,春日丸,軽空母,30,-,九六式艦戦改,-,*,*,23263a36bb48006b7e856ce61ee029ea
322,,未実装,,,,*,*,*,*,
323,,未実装,,,,*,*,*,*,
324,shinnyo,神鷹,軽空母,60,-,零式艦戦52型,九七式艦攻,-,*,5f857f836552bd43bc4ad40c35108bfb
324b,shinnyo kai,神鷹改,軽空母,85,試製甲板カタパルト+改装設計図,九七式艦攻(九三一空), 25mm三連装機銃,-,-,b0f294748f612a79abfe77a420d08edd
325,luigi torelli,Luigi Torelli,潜水艦,30,-,-,*,*,*,f44c295bb504876c833b7b706eed0e10
325b,luigi torelli kai,Luigi Torelli改,潜水艦,40,-,-,-,*,*,f60e5cfcde7ece6287d206b6c3379119
326,taiyo,大鷹,軽空母,60,-,九六式艦戦改,九七式艦攻,-,*,3c02c5469ae28d31faaabf382b62a21b
326b,taiyo kai,大鷹改,軽空母,85,試製甲板カタパルト+改装設計図,九七式艦攻(九三一空),九七式艦攻,-,-,c6d59253d43e82e0b43a512b36d2559c
327,kishinami,岸波,駆逐艦,35,-,12.7cm連装砲,25mm連装機銃,*,*,560d09b1dc62ff6c77134e88eb939736
327b,kishinami kai,岸波改,駆逐艦,-,-,13号対空電探,九三式水中聴音機,九五式爆雷,*,3d825e39d859e6d3bcccbccf352aeb25
328,hayanami,早波,駆逐艦,35,-,12.7cm連装砲,25mm連装機銃,*,*,2bd12f49a21bfafcb790d86a8e76c241
328b,hayanami kai,早波改,駆逐艦,-,-,九三式水中聴音機,九四式爆雷投射機,九五式爆雷,*,2d416f58dbd0976e37e5d055d44a3d64
329,uit-25,UIT-25,潜水艦,55,-,-,-,*,*,c23b27e93396f1f44d7523e77b06e7aa
330,i504,伊504,潜水艦,-,-,-,-,*,*,9ecfcff9d008e76e945986f71f50b214
331,taiyo kaini,大鷹改二,軽空母,-,-,天山(九三一空),-,-,-,4dc5769a0f9bf0e6a0402c806f36d25f
332,suzutsuki,涼月,駆逐艦,55,-,10cm高角砲＋高射装置,13号対空電探,25mm三連装機銃,*,f3dbb33d5532f54ce631266ad8f0eab6
333,,未実装,,,,*,*,*,*,
334,etorohu,択捉,海防艦,37,-,12cm単装砲,25mm連装機銃,*,*,c89be951a240d60a4183f333c9216fb5
334b,etorohu kai,択捉改,海防艦,-,-,12.7cm単装高角砲(後期型),九五式爆雷,25mm連装機銃,*,5794ae6b932a096442ed4115860d22be
335,matsuwa,松輪,海防艦,37,-,12cm単装砲,25mm連装機銃,*,*,66c290085d0807590407e57facce20fc
335b,matsuwa kai,松輪改,海防艦,-,-,12.7cm単装高角砲(後期型),九五式爆雷,25mm連装機銃,*,dfa99aa77886064dd928d6a5c556714b
336,shinyo kaini,神鷹改二,軽空母,-,-,Ju87C改二(KMX搭載機),12cm30連装噴進砲,-,-,bae1651c762d0fe58a217c59b784cacd
337,suzutsuki kai,涼月改,駆逐艦,-,-,10cm高角砲＋高射装置,13号対空電探改,25mm三連装機銃,*,689ebcba6d4270986a0bb9e6dcdb84ee
338,,未実装,,,,*,*,*,*,
339,sado,佐渡,海防艦,37,-,12cm単装砲,25mm連装機銃,*,*,396f1cb237549bfda5822773f6a3a22f
339b,sado kai,佐渡改,海防艦,-,-,12.7cm単装高角砲(後期型),九五式爆雷,25mm連装機銃,*,2936c58a4eaaa06388ca9a7f97dfa441
340,tsushima,対馬,海防艦,47,-,12cm単装砲,25mm連装機銃,*,*,dead5ea3843048bd45538a616aae8cf8
340b,tsushima kai,対馬改,海防艦,-,-,12.7cm単装高角砲(後期型),九三式水中聴音機,九五式爆雷,*,975844c1be0cdc514f5b8230bac8c0f6
341,nagato kaini,長門改二,戦艦,-,-,41cm連装砲,試製41cm三連装砲,10cm連装高角砲(砲架), 増設バルジ(大型艦),5347265956287613bfd5f5eeb28dea96
342,yugumo kaini,夕雲改二,駆逐艦,-,-,12.7cm連装砲D型改二,61cm四連装(酸素)魚雷,13号対空電探改★+4,*,86d96a9996458472892d9f42b796e1ec
343,naganami kaini,長波改二,駆逐艦,-,-,12.7cm連装砲D型改二,61cm四連装(酸素)魚雷,25mm連装機銃,*,971c021a637635151f55ecee821138bc
344,gambierbay,Gambier Bay,軽空母,45,-,FM-2,-,*,*,f747d450ccff6998306e8572ef38be69
344b,gambierbay kai,Gambier Bay改,軽空母,-,-,FM-2,TBF,-,*,6059106eb7c01ef07c0a4d0850310422
345,saratoga mk2,Saratoga Mk.II,正規空母,85,-,-,-,-,-,a7a07e2902815a202162eae5cef7cf02
346,musashi kaini,武蔵改二,戦艦,-,-,試製51cm連装砲,15m二重測距儀＋21号電探改二, 10cm連装高角砲改＋増設機銃,新型高温高圧缶,8f583a3be3fb2fd66bf2346c4ad786c9
347,tama kaini,多摩改二,軽巡洋艦,-,-,12.7cm連装高角砲(後期型),61cm四連装(酸素)魚雷,北方迷彩(＋北方装備),*,95892d9de7f5a9b9e43dc5ee62d491e5
348,humiduki kaini,文月改二,駆逐艦,-,-,25mm三連装機銃 集中配備,25mm三連装機銃,13号対空電探改,*,68964849b4bc830aee42a700df888322
349,intrepid,Intrepid,正規空母,50,-,F6F-3,-,-,-,a537797c6c542366c2b551c67183e7e5
349b,intrepid kai,Intrepid改,正規空母,-,-,F4U-1D,-,-,-,2ca2df87c1a13b99f427a3db0d5014f2
350,saratoga mk2 mod2,Saratoga Mk.II Mod.2,正規空母,-,-,-,-,-,-,b792c0724cb1e0dab7c153d04150f369
351,hihuri,日振,海防艦,37,-,12cm単装砲,25mm連装機銃,*,*,ae329d1fb970bb67afefcdbce240810d
351b,hihuri kai,日振改,海防艦,-,-,12.7cm単装高角砲(後期型),九三式水中聴音機,九五式爆雷,*,e3b5e4126de9c08e3df0ae7a1a97d640
352,daito,大東,海防艦,37,-,12cm単装砲,25mm連装機銃,*,*,232da11fd86c4dc15a8c2d7221579c2e
352b,daito kai,大東改,海防艦,-,-,12.7cm単装高角砲(後期型),九五式爆雷,九五式爆雷,*,f9129bbe92c40a9fbca7872bd95caaae
353,ise kaini,伊勢改二,改装航空戦艦,-,-,試製41cm三連装砲,12cm30連装噴進砲,25mm三連装機銃,彗星二二型(六三四空),f413d984aa0a84acb632a408f336aeaf
354,hyuga kaini,日向改二,改装航空戦艦,-,-,試製41cm三連装砲,12cm30連装噴進砲,瑞雲(六三四空),オ号観測機改,63107469a2c06c9256e1588eb0a51095
355,zuihou kaini,瑞鳳改二,軽空母,80,高速建造材x20+開発資材x5,-,-,-,-,cba73593f3f5e2d53ac4cbde2cbcf7ce
356,urakaze tei kai,浦風丁改,駆逐艦,-,-,九三式水中聴音機,九四式爆雷投射機,九五式爆雷,*,f40e14d7770ace7a52a24910c1996f82
357,isokaze otsu kai,磯風乙改,駆逐艦,-,-,10cm連装高角砲,13号対空電探改,25mm三連装機銃,*,ac2fd4155fa0b2f477bd728642880b53
358,hamakaze otsu kai,浜風乙改,駆逐艦,-,-,10cm連装高角砲,13号対空電探改,25mm三連装機銃,*,e1c67ab3a3ac70be755c4fefef1d17b5
359,tanikaze tei kai,谷風丁改,駆逐艦,-,-,25mm連装機銃★+4,三式爆雷投射機,九五式爆雷,*,301a86e8f408cac1d91f882829c7231f
360,zuihou kaini otsu,瑞鳳改二乙,軽空母,-,-,-,-,-,-,79e59b21716e1e52fd329c8b30faca38
361,samuel b roberts,Samuel B.Roberts,駆逐艦,50,-,5inch単装砲 Mk.30,-,*,*,8eade28e59de4b6f4ff4e8db0020d4fb
361b,samuel b roberts kai,Samuel B.Roberts改,駆逐艦,-,-,5inch単装砲 Mk.30,-,-,*,e5d1494723634a0f1b0512382b3864d2
362,jonston,Johnston,駆逐艦,55,高速建造材×10+開発資材×80,5inch単装砲 Mk.30,533mm五連装魚雷(初期型),*,*,2a6707b6b439cbb234bd95047cc34a3b
362b,jonston kai,Johnston改,駆逐艦,-,-,5inch単装砲 Mk.30改,SG レーダー(初期型),-,*,bc83b44dad8d8b6d67e2eaba8cbdcfef
363,makigumo kaini,巻雲改二,駆逐艦,-,-,12.7cm連装砲D型改二,61cm四連装(酸素)魚雷,探照灯,*,11344b1f29b740e0b61b1fc734d372ba
364,kazagumo kaini,風雲改二,駆逐艦,-,-,12.7cm連装砲D型改二,61cm四連装(酸素)魚雷,三式爆雷投射機★+5,*,8e92a49355843c52fe3f3b734546c2fe
365,hukae,福江,海防艦,-,-,12cm単装砲,25mm連装機銃,*,*,2fd33fc5671764143a70d49679f0132a
365b,hukae kai,福江改,海防艦,-,-,12.7cm単装高角砲(後期型),九三式水中聴音機,九五式爆雷,*,cb448f4db3b07449983c141e3e910050
366,kagerou kaini,陽炎改二,駆逐艦,-,-,12.7cm連装砲C型改二,61cm四連装(酸素)魚雷,61cm四連装(酸素)魚雷,*,0fc7868148c079c82a44c4d38aa25c25
367,shiranui kaini,不知火改二,駆逐艦,-,-,12.7cm連装砲C型改二★+5,25mm三連装機銃★+5,三式水中探信儀,*,94d0f25662b769ca4c525347d4eb48bb
368,kuroshio kaini,黒潮改二,駆逐艦,-,-,12.7cm連装砲C型改二★+5,三式爆雷投射機★+5,25mm三連装機銃,*,e92f8cf96a26ac17236efb25b62ab188
369,,未実装,,,,*,*,*,*,
370,,未実装,,,,*,*,*,*,
371,nelson,Nelson,戦艦,50,-,16inch Mk.I三連装砲,16inch Mk.I三連装砲,-,-,573ad19d284b4fd9d735c99dc94af893
372,,未実装,,,,*,*,*,*,
373,mutsu kaini,陸奥改二,戦艦,-,-,41cm連装砲,試製41cm三連装砲,10cm連装高角砲(砲架),増設バルジ(大型艦),c7254986633d4aaa64fe34340a9d2076
374,gotland,Gotland,軽(航空)巡洋艦,55,-,Bofors15.2cm連装砲 Model1930,Bofors15.2cm連装砲 Model1930,S9 Osprey,*,82d83754b9757f91ae7c1731953280c8
375,maestrale,Maestrale,駆逐艦,35,-,120mm連装砲,-,*,*,cfc632c8809b765663c0703b15955825
376,nelson kai,Nelson改,戦艦,-,-, 16inch Mk.I三連装砲＋AFCT改,20連装7inch UP Rocket Launchers,-,-,917e202fe7f70c90185c565f26a794bf
377,,未実装,,,,*,*,*,*,
378,,未実装,,,,*,*,*,*,
379,gotland kai,Gotland改,軽(航空)巡洋艦,-,-, Bofors15.2cm連装砲 Model1930,Bofors 40mm四連装機関砲,-,-,5e5e45c1eefb342ed2316a31b1b6b1e4
380,maestrale kai,Maestrale改,駆逐艦,-,-,120mm連装砲,120mm連装砲,-,*,516e886280ecda80c0ce3a27459aa544
381,nisshin,日進,水上機母艦,40,-,14cm連装砲,零式水上偵察機,甲標的 甲型,*,141467577c1ee24d97c6163dc603ceef
381b,nisshin kai,日進改,水上機母艦,60,-,14cm連装砲,14cm連装砲,甲標的 甲型,*,67b6a416b59fc2a0a10e0f6662e1bd2a
382,,未実装,,,,*,*,*,*,
383,minegumo,峯雲,駆逐艦,38,-,12.7cm連装砲,61cm四連装魚雷,*,*,e096d4b1af4040d7595e1c506fa419c0
383b,minegumo kai,峯雲改,駆逐艦,-,-,22号対水上電探,ドラム缶(輸送用),ドラム缶(輸送用),*,7a08cc8bbb0f47604195b95d65cf59ef
384,hatijo,八丈,海防艦,40,-,12cm単装砲,25mm連装機銃,*,*,96e30f26201f1a7c7ec13f8949e8f6b1
384b,hatijo kai,八丈改,海防艦,-,-,12.7cm単装高角砲(後期型),九四式爆雷投射機,-,*,04fc05b69ace665de9bb393cfa33c280
385,ishigaki,石垣,海防艦,40,-,12cm単装砲,25mm連装機銃,*,*,a034e3caf515483eca5ef184632b206e
385b,ishigaki kai,石垣改,海防艦,-,-,12.7cm単装高角砲(後期型),九四式爆雷投射機,-,*,2157ef35eb7f6079c7aafc6f35d75510
386,nisshin kou,日進甲,水上機母艦,-,-,14cm連装砲改,甲標的 甲型,甲標的 甲型,-,c27f64c25f50e0cb5d51863316e3a889
387,umikaze kaini,海風改二,駆逐艦,-,-,61cm四連装(酸素)魚雷★+5,九四式爆雷投射機★+5,九三式水中聴音機★+5,*,6bb759e59613a4840eb1b53c73bfd707
388,,未実装,,,,*,*,*,*,
389,l.d.s.d.d.abruzzi,L.d.S.D.d.Abruzzi,軽巡洋艦,45,-,152mm/55 三連装速射砲,-,-,*,a5069748b24b0eea02cf01c1aaa85b33
389b,l.d.s.d.d.abruzzi kai,L.d.S.D.d.Abruzzi改,軽巡洋艦,-,-,152mm/55 三連装速射砲改,-,-,-,1325c4e9901578209668c2b179e7599d
390,g.garibaldi,G.Garibaldi,軽巡洋艦,45,-,152mm/55 三連装速射砲,-,-,*,5ca54edf645b7e3132d3399796a97d46
390b,g.garibaldi kai,G.Garibaldi改,軽巡洋艦,-,-,152mm/55 三連装速射砲改,-,-,-,dcf6eb388bef011583650a40e4295f42
391,kongo kaini hei,金剛改二丙,戦艦,-,-,35.6cm連装砲改,35.6cm連装砲改,53cm連装魚雷 ★+6,25mm三連装機銃,8030de0089442e970a0717a3f828e5eb
392,,未実装,,,,*,*,*,*,
393,,未実装,,,,*,*,*,*,
394,,未実装,,,,*,*,*,*,
395,,未実装,,,,*,*,*,*,
396,fletcher,Fletcher,駆逐艦,55,高速建造材×10+開発資材×80,5inch単装砲 Mk.30,533mm五連装魚雷(初期型),*,*,70da49b0ed5c574569d74c77c6940e66
396b,fletcher kai,Fletcher改,駆逐艦,-,-,5inch単装砲 Mk.30改,SG レーダー(初期型),-,*,04c9471213933ba67e3863fa4302ce4a
397,,未実装,,,,*,*,*,*,
398,,未実装,,,,*,*,*,*,
399,,未実装,,,,*,*,*,*,
400,,未実装,,,,*,*,*,*,
401,colorado,Colorado,戦艦,45,-,16inch Mk.I連装砲,16inch Mk.I連装砲,-,-,15e49475e42539feed93fc5cce25d3cb
402,,未実装,,,,*,*,*,*,
403,,未実装,,,,*,*,*,*,
404,akagi kaini,赤城改二,正規空母,92,高速建造材x30+開発資材x80,-,-,-,-,9a67630013af851e2cb0d836294e0a6e
405,,未実装,,,,*,*,*,*,
406,colorado kai,Colorado改,戦艦,-,-,16inch Mk.V連装砲,SG レーダー(初期型),-,-,efbf352b243ba9bc78f7b826e32ffe30
407,,未実装,,,,*,*,*,*,
408,,未実装,,,,*,*,*,*,
409,akagi kaini bo,赤城改二戊,正規空母,-,-,-,-,-,-,57e8931081d5c79735c6b334be81d61e
410,,未実装,,,,*,*,*,*,
411,mikura,御蔵,駆逐艦,45,-,12cm単装砲,25mm連装機銃,*,*,012a82cb643f5942cedfa4c6d2d6afce
412,,未実装,,,,*,*,*,*,
413,,未実装,,,,*,*,*,*,
414,gurekare,Grecale,駆逐艦,35,-,120mm連装砲,-,*,*,b55ebf66980258a1812c23ee3b169e6b
415,,未実装,,,,*,*,*,*,
416,mikura kai,御蔵改,駆逐艦,-,-,12.7cm単装高角砲(後期型),九五式爆雷,二式12cm迫撃砲改,*,36e2753ec4213fe052c1a5af3f2ed9b7
417,,未実装,,,,*,*,*,*,
418,,未実装,,,,*,*,*,*,
419,gurekare,Grecale改,駆逐艦,-,-,120mm連装砲,120mm連装砲,-,*,5514b13533510879153db03d78b4c8ce
420,,未実装,,,,*,*,*,*,
421,,未実装,,,,*,*,*,*,
422,,未実装,,,,*,*,*,*,
423,,未実装,,,,*,*,*,*,
424,,未実装,,,,*,*,*,*,
425,,未実装,,,,*,*,*,*,
426,,未実装,,,,*,*,*,*,
427,,未実装,,,,*,*,*,*,
428,,未実装,,,,*,*,*,*,
429,,未実装,,,,*,*,*,*,
430,,未実装,,,,*,*,*,*,
